sample_id,sample,era,location,prop_sum,max_prop,dominant_cluster,entropy,effective_clusters,admixedness
OchACan001,OchACan001.merged.rmdup.merged.realn.rescaled.bam,Historical,Can,1,0.9853912,K4,0.07742479264531535,1.0805009677832262,0.014608799999999977
OchACan002,OchACan002.merged.rmdup.merged.realn.rescaled.bam,Historical,Can,1,0.9878367,K4,0.06687289901952669,1.0691595783075947,0.012163299999999988
OchACan003,OchACan003.merged.rmdup.merged.realn.rescaled.bam,Historical,Can,1,0.9840181,K4,0.08316181597682237,1.0867176425983422,0.015981899999999993
OchACan004,OchACan004.merged.rmdup.merged.realn.rescaled.bam,Historical,Can,1,0.9836705,K4,0.08459751673048442,1.0882789644641404,0.016329499999999997
OchACan005,OchACan005.merged.rmdup.merged.realn.rescaled.bam,Historical,Can,0.9999998999999999,0.9876782,K4,0.06757200938339361,1.069907300189021,0.01232180000000005
OchACan006,OchACan006.merged.rmdup.merged.realn.rescaled.bam,Historical,Can,1,0.9873267,K4,0.06911489595993539,1.0715593199124351,0.012673299999999998
OchACan007,OchACan007.merged.rmdup.merged.realn.rescaled.bam,Historical,Can,1,0.9788473,K4,0.10374258647128441,1.1093148655058842,0.021152700000000024
OchACan008,OchACan008.merged.rmdup.merged.realn.rescaled.bam,Historical,Can,1,0.9780743,K4,0.10670063931777259,1.112601135585468,0.021925700000000048
OchACan009,OchACan009.merged.rmdup.merged.realn.rescaled.bam,Historical,Can,1,0.9860465,K4,0.07464175839696889,1.0774980770965121,0.013953499999999952
OchACan010,OchACan010.merged.rmdup.merged.realn.rescaled.bam,Historical,Can,1,0.9682336,K4,0.1629034025906466,1.176922996484852,0.03176639999999997
OchACan011,OchACan011.merged.rmdup.merged.realn.rescaled.bam,Historical,Can,0.9999999,0.98548,K4,0.07705298445055041,1.0800993033446453,0.014519999999999977
OchACan012,OchACan012.merged.rmdup.merged.realn.rescaled.bam,Historical,Can,1,0.9803336,K4,0.09798584159415523,1.1029471690243142,0.019666399999999973
OchACan013,OchACan013.merged.rmdup.merged.realn.rescaled.bam,Historical,Can,0.9999999,0.9772235,K4,0.10992900612975885,1.1161988243714107,0.022776499999999977
OchACan014,OchACan014.merged.rmdup.merged.realn.rescaled.bam,Historical,Can,1,0.9802712,K4,0.09822395193496185,1.1032098234197452,0.01972879999999999
OchACan015,OchACan015.merged.rmdup.merged.realn.rescaled.bam,Historical,Can,1,0.9694259,K4,0.15599383060651095,1.1688189921633454,0.03057410000000005
OchACan016,OchACan016.merged.rmdup.merged.realn.rescaled.bam,Historical,Can,0.9999998,0.9834028,K4,0.08569095328025242,1.089469579272478,0.01659719999999998
OchACan017,OchACan017.merged.rmdup.merged.realn.rescaled.bam,Historical,Can,1,0.9848481,K4,0.07971016197946147,1.082973135392542,0.015151899999999996
OchACan018,OchACan018.merged.rmdup.merged.realn.rescaled.bam,Historical,Can,1.0000001,0.9833807,K4,0.08578438819800491,1.0895713785287398,0.016619300000000004
OchACan019,OchACan019.merged.rmdup.merged.realn.rescaled.bam,Historical,Can,1.0000001,0.9830666,K4,0.08706267354362425,1.0909650522214747,0.016933399999999987
OchACan020,OchACan020.merged.rmdup.merged.realn.rescaled.bam,Historical,Can,0.9999998999999999,0.9845904,K4,0.08078974445017333,1.0841429255346138,0.015409600000000023
OchACan021,OchACan021.merged.rmdup.merged.realn.rescaled.bam,Historical,Can,0.9999999,0.9857255,K4,0.07601203351984522,1.0789755579529525,0.014274499999999968
OchACan022,OchACan022.merged.rmdup.merged.realn.rescaled.bam,Historical,Can,1.0000001,0.8631737,K3,0.4708592547225493,1.6013695866059428,0.13682629999999996
OchACan023,OchACan023.merged.rmdup.merged.realn.rescaled.bam,Historical,Can,1,0.8609269,K3,0.5112798120667255,1.667423819099764,0.13907309999999995
OchACan024,OchACan024.merged.rmdup.merged.realn.rescaled.bam,Historical,Can,0.9999999,0.8290882,K3,0.5708784947842792,1.769821147348262,0.17091179999999995
OchACat001,OchACat001.merged.rmdup.merged.realn.rescaled.bam,Historical,Cat,0.9999998999999999,0.9383077,K3,0.26484750699791365,1.303232226830157,0.06169230000000003
OchACat002,OchACat002.merged.rmdup.merged.realn.rescaled.bam,Historical,Cat,1,0.9287066,K3,0.25848145098222536,1.2949621293545384,0.07129339999999995
OchACat003,OchACat003.merged.rmdup.merged.realn.rescaled.bam,Historical,Cat,1.0000001,0.9310529,K3,0.2524139296529284,1.2871287077724625,0.06894710000000004
OchACat004,OchACat004.merged.rmdup.merged.realn.rescaled.bam,Historical,Cat,1,0.9172292,K3,0.34753632465485945,1.4155757299806015,0.08277080000000003
OchACat005,OchACat005.merged.rmdup.merged.realn.rescaled.bam,Historical,Cat,1,0.88607,K3,0.35624020339760426,1.4279505056354973,0.11392999999999998
OchACat006,OchACat006.merged.rmdup.merged.realn.rescaled.bam,Historical,Cat,1.0000001,0.9143772,K3,0.2938328214471336,1.3415596049251888,0.0856228
OchACat007,OchACat007.merged.rmdup.merged.realn.rescaled.bam,Historical,Cat,1.0000000999999998,0.80507,K3,0.594652096858638,1.812400295507842,0.19493000000000005
OchACat008,OchACat008.merged.rmdup.merged.realn.rescaled.bam,Historical,Cat,1.0000000999999998,0.9007369,K3,0.3250228638804766,1.3840622906537756,0.09926310000000005
OchACat009,OchACat009.merged.rmdup.merged.realn.rescaled.bam,Historical,Cat,1,0.8895792,K3,0.39865543570519363,1.489820191314517,0.11042079999999999
OchACat010,OchACat010.merged.rmdup.merged.realn.rescaled.bam,Historical,Cat,0.9999999,0.8962187,K3,0.38424630389118986,1.4685070961537319,0.10378129999999997
OchACat011,OchACat011.merged.rmdup.merged.realn.rescaled.bam,Historical,Cat,0.9999998999999999,0.9255515,K3,0.283341026910049,1.327557817569311,0.07444850000000003
OchACat012,OchACat012.merged.rmdup.merged.realn.rescaled.bam,Historical,Cat,1.0000001,0.8585436,K3,0.5462693855358605,1.7267989653650804,0.14145640000000004
OchACat013,OchACat013.merged.rmdup.merged.realn.rescaled.bam,Historical,Cat,0.9999999,0.9224708,K3,0.2742138694531828,1.3154961165904984,0.07752919999999996
OchACat014,OchACat014.merged.rmdup.merged.realn.rescaled.bam,Historical,Cat,0.9999998999999999,0.9296057,K3,0.30234575177296474,1.3530289580064634,0.07039430000000002
OchACat015,OchACat015.merged.rmdup.merged.realn.rescaled.bam,Historical,Cat,0.9999998999999999,0.8929952,K3,0.3417821965740371,1.4074537158868459,0.10700480000000001
OchACat016,OchACat016.merged.rmdup.merged.realn.rescaled.bam,Historical,Cat,1,0.9249749,K3,0.26797000869973264,1.3073079315622653,0.07502509999999996
OchACat017,OchACat017.merged.rmdup.merged.realn.rescaled.bam,Historical,Cat,0.9999998999999999,0.9350151,K3,0.24660415883811154,1.2796724654733869,0.06498490000000001
OchACat018,OchACat018.merged.rmdup.merged.realn.rescaled.bam,Historical,Cat,0.9999998999999999,0.888065,K3,0.3521260262558262,1.4220877328182377,0.111935
OchACat019,OchACat019.merged.rmdup.merged.realn.rescaled.bam,Historical,Cat,1.0000001,0.9139609,K3,0.29482265629596277,1.342888184802781,0.086039100000000035
OchACat020,OchACat020.merged.rmdup.merged.realn.rescaled.bam,Historical,Cat,1.0000001,0.9071505,K3,0.34370275404304595,1.4101594090210838,0.09284950000000003
OchACat021,OchACat021.merged.rmdup.merged.realn.rescaled.bam,Historical,Cat,1,0.8821653,K3,0.4624424147810208,1.587947679368186,0.11783469999999996
OchACat022,OchACat022.merged.rmdup.merged.realn.rescaled.bam,Historical,Cat,1.0000001,0.8894494,K3,0.4193760839200496,1.521012275497377,0.11055060000000005
OchACat023,OchACat023.merged.rmdup.merged.realn.rescaled.bam,Historical,Cat,1,0.9262874,K3,0.29617454707104707,1.3447048506420007,0.07371260000000002
OchACat024,OchACat024.merged.rmdup.merged.realn.rescaled.bam,Historical,Cat,0.9999999,0.8616838,K3,0.4738508610028087,1.6061674269646518,0.1383162
OchACat025,OchACat025.merged.rmdup.merged.realn.rescaled.bam,Historical,Cat,1.0000001,0.9204159,K3,0.3319242415980168,1.3936472640234603,0.07958410000000005
OchACat026,OchACat026.merged.rmdup.merged.realn.rescaled.bam,Historical,Cat,1,0.9194118,K3,0.33329064074392967,1.395552844049702,0.0805882
OchACat027,OchACat027.merged.rmdup.merged.realn.rescaled.bam,Historical,Cat,1.0000001,0.9274101,K3,0.31128881058647107,1.365183443686617,0.072589899999999985
OchACat028,OchACat028.merged.rmdup.merged.realn.rescaled.bam,Historical,Cat,1.0000001,0.907338,K3,0.31021733507200233,1.363721466430235,0.09266200000000002
OchACat029,OchACat029.merged.rmdup.merged.realn.rescaled.bam,Historical,Cat,1.0000001,0.9167886,K3,0.28808013506362,1.3338641891323653,0.08321140000000005
OchACat030,OchACat030.merged.rmdup.merged.realn.rescaled.bam,Historical,Cat,1,0.9027975,K3,0.3204570545052304,1.3777573306470245,0.09720249999999997
OchACat031,OchACat031.merged.rmdup.merged.realn.rescaled.bam,Historical,Cat,0.9999998999999999,0.9175217,K3,0.33642341759594946,1.399931655032912,0.0824783
OchACat032,OchACat032.merged.rmdup.merged.realn.rescaled.bam,Historical,Cat,1,0.888473,K3,0.45377164126740366,1.5742384653246821,0.11152700000000004
OchACat033,OchACat033.merged.rmdup.merged.realn.rescaled.bam,Historical,Cat,1,0.9037184,K3,0.3641023538793208,1.4392215165248516,0.09628159999999997
OchACat034,OchACat034.merged.rmdup.merged.realn.rescaled.bam,Historical,Cat,1.0000001,0.9201861,K3,0.3342666512565057,1.3969155832120457,0.0798139
OchACat035,OchACat035.merged.rmdup.merged.realn.rescaled.bam,Historical,Cat,0.9999998999999999,0.9221191,K3,0.327610231737591,1.3876480057184366,0.07788090000000003
OchACat036,OchACat036.merged.rmdup.merged.realn.rescaled.bam,Historical,Cat,0.9999998999999999,0.8273469,K3,0.6088471584631634,1.8383108955563756,0.1726531
OchACat037,OchACat037.merged.rmdup.merged.realn.rescaled.bam,Historical,Cat,1,0.9281126,K3,0.26000261003275543,1.296933471700197,0.07188740000000005
OchACat038,OchACat038.merged.rmdup.merged.realn.rescaled.bam,Historical,Cat,1,0.8988233,K3,0.3606667741146676,1.4342854402029166,0.10117670000000001
OchACat039,OchACat039.merged.rmdup.merged.realn.rescaled.bam,Historical,Cat,1,0.8139906,K3,0.5903278729000843,1.8045799912868834,0.1860094
OchACat040,OchACat040.merged.rmdup.merged.realn.rescaled.bam,Historical,Cat,1,0.9091052,K3,0.34266994465710654,1.4087037349940719,0.09089480000000005
OchACat041,OchACat041.merged.rmdup.merged.realn.rescaled.bam,Historical,Cat,0.9999999,0.9175662,K3,0.33118243679572634,1.3926138331396942,0.0824338
OchATum001,OchATum001.merged.rmdup.merged.realn.rescaled.bam,Historical,Tum,1,0.876946,K3,0.4424516012254592,1.5565185074023447,0.123054
OchATum002,OchATum002.merged.rmdup.merged.realn.rescaled.bam,Historical,Tum,1,0.879118,K3,0.4017705291748219,1.494468356439073,0.12088200000000004
OchATum003,OchATum003.merged.rmdup.merged.realn.rescaled.bam,Historical,Tum,0.9999998999999999,0.8867778,K3,0.37221678444979295,1.4509474900549326,0.11322220000000005
OchATum004,OchATum004.merged.rmdup.merged.realn.rescaled.bam,Historical,Tum,1,0.4844446,K3,0.929589496337077,2.533468965836711,0.5155554
OchATum005,OchATum005.merged.rmdup.merged.realn.rescaled.bam,Historical,Tum,1,0.9592711,K4,0.18914796125716696,1.2082197089651312,0.04072889999999996
OchATum006,OchATum006.merged.rmdup.merged.realn.rescaled.bam,Historical,Tum,0.9999999,0.7682712,K3,0.695893247721511,2.0054996821153206,0.23172879999999996
OchATum007,OchATum007.merged.rmdup.merged.realn.rescaled.bam,Historical,Tum,1.0000001,0.8862786,K4,0.4318130902377994,1.54004723839537,0.11372139999999997
OchATum008,OchATum008.merged.rmdup.merged.realn.rescaled.bam,Historical,Tum,0.9999998999999999,0.5310016,K3,0.882238814671915,2.416303310629612,0.46899840000000004
OchATum009,OchATum009.merged.rmdup.merged.realn.rescaled.bam,Historical,Tum,1,0.7311612,K4,0.6754802251332661,1.9649763804726175,0.26883880000000004
OchATum010,OchATum010.merged.rmdup.merged.realn.rescaled.bam,Historical,Tum,1,0.6260305,K3,0.8053437290298643,2.2374654484852172,0.37396949999999995
OchATum011,OchATum011.merged.rmdup.merged.realn.rescaled.bam,Historical,Tum,1,0.6762314,K4,0.7119878623241339,2.0380385746581586,0.32376859999999996
OchATum012,OchATum012.merged.rmdup.merged.realn.rescaled.bam,Historical,Tum,1,0.6429054,K4,0.7699505670226655,2.1596594927474237,0.35709460000000004
OchATum013,OchATum013.merged.rmdup.merged.realn.rescaled.bam,Historical,Tum,1.0000001,0.7400394,K4,0.7037406944885388,2.0212996477232656,0.2599606
OchATum014,OchATum014.merged.rmdup.merged.realn.rescaled.bam,Historical,Tum,1,0.8595538,K3,0.47677985728088645,1.6108787817823307,0.14044619999999997
OchATum015,OchATum015.merged.rmdup.merged.realn.rescaled.bam,Historical,Tum,1,0.871089,K3,0.41238012583148964,1.5104084724953415,0.128911
OchATum016,OchATum016.merged.rmdup.merged.realn.rescaled.bam,Historical,Tum,1.0000001,0.9524037,K4,0.21309833294888916,1.237506332907828,0.047596300000000036
OchATum017,OchATum017.merged.rmdup.merged.realn.rescaled.bam,Historical,Tum,0.9999999,0.9284708,K4,0.284991814131931,1.3297511429095008,0.07152919999999996
OchATum018,OchATum018.merged.rmdup.merged.realn.rescaled.bam,Historical,Tum,1,0.6180989,K3,0.8693668066756989,2.385399955901748,0.3819011
OchATum019,OchATum019.merged.rmdup.merged.realn.rescaled.bam,Historical,Tum,1.0000001,0.7798111,K3,0.5581156527635406,1.7473767315697766,0.22018890000000002
OchATum020,OchATum020.merged.rmdup.merged.realn.rescaled.bam,Historical,Tum,1.0000001,0.8220931,K3,0.48623142259556906,1.6261762866057115,0.17790689999999998
OchATum021,OchATum021.merged.rmdup.merged.realn.rescaled.bam,Historical,Tum,1.0000001,0.824769,K3,0.46816597508389385,1.5970624532652127,0.17523100000000003
OchATum022,OchATum022.merged.rmdup.merged.realn.rescaled.bam,Historical,Tum,0.9999999,0.8314481,K3,0.4576533991596219,1.5803611536204203,0.16855189999999998
OchATum023,OchATum023.merged.rmdup.merged.realn.rescaled.bam,Historical,Tum,1,0.8576064,K3,0.46547597030499194,1.5927721207283532,0.1423936
OchATum024,OchATum024.merged.rmdup.merged.realn.rescaled.bam,Historical,Tum,1,0.879817,K3,0.3887528417777644,1.4751399133147454,0.12018300000000004
OchATum025,OchATum025.merged.rmdup.merged.realn.rescaled.bam,Historical,Tum,0.9999999999999999,0.5647496,K3,0.8079797050215518,2.2433711338925555,0.43525040000000004
OchATum026,OchATum026.merged.rmdup.merged.realn.rescaled.bam,Historical,Tum,0.9999999,0.8767865,K3,0.41236198888839154,1.5103810785512428,0.12321349999999998
OchATum027,OchATum027.merged.rmdup.merged.realn.rescaled.bam,Historical,Tum,1.0000001,0.8350616,K3,0.44945195996754983,1.5674529231057397,0.16493840000000004
OchATum028,OchATum028.merged.rmdup.merged.realn.rescaled.bam,Historical,Tum,1,0.7404956,K4,0.7131073997349725,2.040321512766084,0.25950439999999997
OchATum029,OchATum029.merged.rmdup.merged.realn.rescaled.bam,Historical,Tum,1,0.6964793,K3,0.8165419810517827,2.262661965637427,0.3035207
OchATum030,OchATum030.merged.rmdup.merged.realn.rescaled.bam,Historical,Tum,0.9999998999999999,0.8223876,K3,0.5915925909872398,1.80686372007373,0.1776124
OchATum031,OchATum031.merged.rmdup.merged.realn.rescaled.bam,Historical,Tum,0.9999998999999999,0.9394058,K4,0.2659402196490883,1.304657063498586,0.06059420000000004
OchATum032,OchATum032.merged.rmdup.merged.realn.rescaled.bam,Historical,Tum,1,0.8688287,K3,0.4481565029074657,1.565423669839181,0.1311713
OchATum033,OchATum033.merged.rmdup.merged.realn.rescaled.bam,Historical,Tum,1.0000001,0.8504061,K3,0.506445262058154,1.6593820301395898,0.14959389999999995
OchATum034,OchATum034.merged.rmdup.merged.realn.rescaled.bam,Historical,Tum,0.9999999,0.8856465,K3,0.3824020219173671,1.4658012509256202,0.1143535
OchATum035,OchATum035.merged.rmdup.merged.realn.rescaled.bam,Historical,Tum,1.0000001,0.8439817,K3,0.5290999418366046,1.6974038586752305,0.15601830000000005
OchATum036,OchATum036.merged.rmdup.merged.realn.rescaled.bam,Historical,Tum,1,0.5120699,K4,0.8179460718947023,2.2658411800145872,0.48793010000000003
OchCBur013,OchCBur013.merged.rmdup.merged.realn.bam,Contemporary,Bur,0.9999998999999999,0.5459263,K2,0.6907985015812428,1.9953081540194075,0.4540737
OchCBur014,OchCBur014.merged.rmdup.merged.realn.bam,Contemporary,Bur,1,0.8574125,K1,0.47867376824509295,1.6139325336234114,0.14258749999999998
OchCBur015,OchCBur015.merged.rmdup.merged.realn.bam,Contemporary,Bur,1,0.5625974,K2,0.6871629984806213,1.9880673749511937,0.4374026
OchCBur016,OchCBur016.merged.rmdup.merged.realn.bam,Contemporary,Bur,1,0.6245969,K2,0.6636165150920126,1.941802208096028,0.3754031
OchCBur017,OchCBur017.merged.rmdup.merged.realn.bam,Contemporary,Bur,0.9999998999999999,0.5798707,K2,0.6822006269869195,1.9782262838519842,0.42012930000000004
OchCBur018,OchCBur018.merged.rmdup.merged.realn.bam,Contemporary,Bur,0.9999998999999999,0.5999532,K2,0.6748844527690082,1.9638060505084542,0.40004680000000004
OchCBur021,OchCBur021.merged.rmdup.merged.realn.bam,Contemporary,Bur,1.0000001,0.5277442,K2,0.693495477929883,2.0006967160650184,0.4722558
OchCBur022,OchCBur022.merged.rmdup.merged.realn.bam,Contemporary,Bur,1,0.5610813,K2,0.7010531309521224,2.0158745698800136,0.4389187
OchCBur023,OchCBur023.merged.rmdup.merged.realn.bam,Contemporary,Bur,0.9999999,0.5915601,K2,0.6781469759926614,1.9702234761628188,0.40843989999999997
OchCBur024,OchCBur024.merged.rmdup.merged.realn.bam,Contemporary,Bur,0.9999999,0.8625196,K1,0.46732783056123933,1.5957244449181824,0.13748039999999995
OchCBur025,OchCBur025.merged.rmdup.merged.realn.bam,Contemporary,Bur,1,0.5506399,K2,0.6898899325732891,1.9934961021810724,0.44936010000000004
OchCBur026,OchCBur026.merged.rmdup.merged.realn.bam,Contemporary,Bur,0.9999999999999999,0.8603249,K1,0.4841353655042302,1.6227712980402573,0.13967510000000005
OchCBur028,OchCBur028.merged.rmdup.merged.realn.bam,Contemporary,Bur,1,0.5682799,K2,0.6873613874866189,1.988461824787528,0.43172010000000005
OchCBur029,OchCBur029.merged.rmdup.merged.realn.bam,Contemporary,Bur,0.9999998,0.6014748,K2,0.6742638744131724,1.962587733048272,0.3985252
OchCBur030,OchCBur030.merged.rmdup.merged.realn.bam,Contemporary,Bur,0.9999999,0.6472544,K2,0.650963330693742,1.9173870173917937,0.3527456
OchCBur031,OchCBur031.merged.rmdup.merged.realn.bam,Contemporary,Bur,1.0000001,0.9002878,K1,0.3760552639566801,1.4565276250265058,0.09971220000000003
OchCBur032,OchCBur032.merged.rmdup.merged.realn.bam,Contemporary,Bur,0.9999998999999999,0.6072671,K2,0.7230010537598374,2.060607935861894,0.39273290000000005
OchCBur034,OchCBur034.merged.rmdup.merged.realn.bam,Contemporary,Bur,1,0.5246474,K1,0.6938215987803847,2.001349291383083,0.4753526
OchCBur035,OchCBur035.merged.rmdup.merged.realn.bam,Contemporary,Bur,0.9999998999999999,0.6568651,K2,0.6935976157217745,2.00090107324596,0.3431349
OchCBur037,OchCBur037.merged.rmdup.merged.realn.bam,Contemporary,Bur,1,0.5895215,K2,0.67889283579452,1.971693534815044,0.41047849999999997
OchCBur038,OchCBur038.merged.rmdup.merged.realn.bam,Contemporary,Bur,0.9999998999999999,0.5795174,K2,0.6823110490133112,1.9784447356676325,0.42048260000000004
OchCBur040,OchCBur040.merged.rmdup.merged.realn.bam,Contemporary,Bur,1,0.5531649,K2,0.6893593334022109,1.9924386353720231,0.44683510000000004
OchCBur041,OchCBur041.merged.rmdup.merged.realn.bam,Contemporary,Bur,1,0.5368801,K2,0.6923091195444048,1.9983245801190228,0.46311990000000003
OchCBur042,OchCBur042.merged.rmdup.merged.realn.bam,Contemporary,Bur,0.9999998999999999,0.8601888,K1,0.5036868130696875,1.6548110168090393,0.13981120000000002
OchCBur043,OchCBur043.merged.rmdup.merged.realn.bam,Contemporary,Bur,1.0000001,0.8609987,K1,0.40479087720610846,1.4989889945107868,0.1390013
OchCBur044,OchCBur044.merged.rmdup.merged.realn.bam,Contemporary,Bur,1,0.906519,K1,0.3692841011980343,1.4466985540886341,0.09348100000000004
OchCBur045,OchCBur045.merged.rmdup.merged.realn.bam,Contemporary,Bur,0.9999999,0.5814019,K1,0.6817033333684284,1.9772427691131633,0.4185981
OchCBur047,OchCBur047.merged.rmdup.merged.realn.bam,Contemporary,Bur,0.9999999,0.626753,K2,0.7170751784664406,2.048433138996856,0.373247
OchCBur049,OchCBur049.merged.rmdup.merged.realn.bam,Contemporary,Bur,0.9999999,0.6209852,K2,0.6654277452950744,1.9453224459218788,0.3790148
OchCBur051,OchCBur051.merged.rmdup.merged.realn.bam,Contemporary,Bur,1,0.6252979,K2,0.6632582092950849,1.9411065737407336,0.37470210000000004
OchCBur052,OchCBur052.merged.rmdup.merged.realn.bam,Contemporary,Bur,1,0.6407514,K2,0.6728732666040264,1.9598604399575967,0.35924860000000003
OchCBur053,OchCBur053.merged.rmdup.merged.realn.bam,Contemporary,Bur,0.9999999,0.5615841,K1,0.6874147724579872,1.9885679815986752,0.43841589999999997
OchCBur054,OchCBur054.merged.rmdup.merged.realn.bam,Contemporary,Bur,0.9999999,0.8485289,K1,0.4922894750623363,1.6360576485542653,0.15147109999999997
OchCBur055,OchCBur055.merged.rmdup.merged.realn.bam,Contemporary,Bur,1,0.6257606,K2,0.6630172669123725,1.9406389352369877,0.3742394
OchCBur056,OchCBur056.merged.rmdup.merged.realn.bam,Contemporary,Bur,0.9999999,0.6060526,K2,0.7287371816030783,2.072461811587613,0.39394739999999995
OchCBur057,OchCBur057.merged.rmdup.merged.realn.bam,Contemporary,Bur,0.9999999,0.6153417,K2,0.6963226709646381,2.0063610752307803,0.3846583
OchCBur058,OchCBur058.merged.rmdup.merged.realn.bam,Contemporary,Bur,1.0000001,0.5192154,K2,0.6943023724242986,2.002311718710954,0.4807846
OchCBur059,OchCBur059.merged.rmdup.merged.realn.bam,Contemporary,Bur,1,0.6373074,K2,0.703058969531136,2.019922146898718,0.36269260000000003
OchCBur060,OchCBur060.merged.rmdup.merged.realn.bam,Contemporary,Bur,0.9999999,0.6376862,K2,0.6736601013804411,1.9614031331514106,0.3623138
OchCBur061,OchCBur061.merged.rmdup.merged.realn.bam,Contemporary,Bur,1.0000001,0.621276,K2,0.6652854767069312,1.945045707330085,0.37872399999999995
OchCBur062,OchCBur062.merged.rmdup.merged.realn.bam,Contemporary,Bur,1,0.5051705,K1,0.6949916277553405,2.003692298468806,0.49482950000000003
OchCBur063,OchCBur063.merged.rmdup.merged.realn.bam,Contemporary,Bur,1,0.6411247,K2,0.6546053926419343,1.9243829918407191,0.3588753
OchCBur064,OchCBur064.merged.rmdup.merged.realn.bam,Contemporary,Bur,1,0.5349328,K2,0.6925901223852573,1.998886193906821,0.4650672
OchCBur065,OchCBur065.merged.rmdup.merged.realn.bam,Contemporary,Bur,0.9999998,0.5070504,K2,0.6949449758277312,2.003598824541133,0.4929496
OchCBur066,OchCBur066.merged.rmdup.merged.realn.bam,Contemporary,Bur,1.0000001,0.7216693,K1,0.5931465228262046,1.8096736457881113,0.27833070000000004
OchCBur067,OchCBur067.merged.rmdup.merged.realn.bam,Contemporary,Bur,1.0000001,0.6058031,K2,0.6724393004154537,1.9590101113126195,0.39419689999999996
OchCBur069,OchCBur069.merged.rmdup.merged.realn.bam,Contemporary,Bur,0.9999999,0.5198808,K2,0.6942517885420865,2.0022104365724664,0.48011919999999997
OchCBur070,OchCBur070.merged.rmdup.merged.realn.bam,Contemporary,Bur,0.9999999,0.5870457,K2,0.6797809299390285,1.9734453620767047,0.4129543
OchCBur071,OchCBur071.merged.rmdup.merged.realn.bam,Contemporary,Bur,0.9999998999999999,0.6212941,K1,0.6652699213696918,1.9450154517234803,0.37870590000000004
OchCBur072,OchCBur072.merged.rmdup.merged.realn.bam,Contemporary,Bur,0.9999999,0.5994363,K2,0.7121236749127083,2.03831538474932,0.40056369999999997
OchCBur073,OchCBur073.merged.rmdup.merged.realn.bam,Contemporary,Bur,1,0.5242143,K1,0.6938607502765776,2.0014276487361387,0.4757857
OchCBur074,OchCBur074.merged.rmdup.merged.realn.bam,Contemporary,Bur,0.9999999,0.5993519,K2,0.6751276883015132,1.9642837760164398,0.40064809999999995
OchCBur076,OchCBur076.merged.rmdup.merged.realn.bam,Contemporary,Bur,1.0000001,0.5481613,K2,0.6903840759490788,1.9944814184983441,0.45183870000000004
OchCBur077,OchCBur077.merged.rmdup.merged.realn.bam,Contemporary,Bur,1,0.5881478,K1,0.6793835371509943,1.972661284925857,0.4118522
OchCBur078,OchCBur078.merged.rmdup.merged.realn.bam,Contemporary,Bur,0.9999999,0.8147427,K1,0.4809726269291576,1.617647004329608,0.18525729999999996
OchCBur079,OchCBur079.merged.rmdup.merged.realn.bam,Contemporary,Bur,0.9999998999999999,0.615737,K2,0.6679632927267692,1.9502611617816943,0.384263
OchCBur080,OchCBur080.merged.rmdup.merged.realn.bam,Contemporary,Bur,0.9999999,0.560412,K2,0.6877077538760511,1.9891506804216361,0.439588
OchCBur082,OchCBur082.merged.rmdup.merged.realn.bam,Contemporary,Bur,0.9999998999999999,0.5735074,K2,0.6841678246036583,1.9821216761299298,0.4264926
OchCBur083,OchCBur083.merged.rmdup.merged.realn.bam,Contemporary,Bur,0.9999998999999999,0.5876694,K1,0.6795537679455678,1.9729971212078417,0.4123306
OchCBur084,OchCBur084.merged.rmdup.merged.realn.bam,Contemporary,Bur,0.9999998999999999,0.6487514,K2,0.6913423290443814,1.9963935524989882,0.3512486
OchCBur086,OchCBur086.merged.rmdup.merged.realn.bam,Contemporary,Bur,0.9999999,0.5768459,K2,0.6831613551157241,1.9801277347304405,0.4231541
OchCBur087,OchCBur087.merged.rmdup.merged.realn.bam,Contemporary,Bur,1,0.6625516,K2,0.6831447072573991,1.980094770118843,0.3374484
OchCBur088,OchCBur088.merged.rmdup.merged.realn.bam,Contemporary,Bur,0.9999999,0.6305903,K2,0.6604836099934298,1.935728245599923,0.36940969999999995
OchCBur089,OchCBur089.merged.rmdup.merged.realn.bam,Contemporary,Bur,0.9999999,0.5192491,K2,0.6942981222678776,2.0023032085910306,0.4807509
OchCCat001,OchCCat001.merged.rmdup.merged.realn.bam,Contemporary,Cat,1,0.8062722,K2,0.6240629463710108,1.866496130746728,0.1937278
OchCCat002,OchCCat002.merged.rmdup.merged.realn.bam,Contemporary,Cat,1.0000001,0.4867595,K2,0.905133131590195,2.4722610371925002,0.5132405
OchCCat003,OchCCat003.merged.rmdup.merged.realn.bam,Contemporary,Cat,1,0.7610792,K2,0.7003233768098942,2.0144040136999237,0.23892080000000004
OchCCat004,OchCCat004.merged.rmdup.merged.realn.bam,Contemporary,Cat,1,0.628026,K1,0.8148994844625673,2.2589486015051055,0.371974
OchCCat005,OchCCat005.merged.rmdup.merged.realn.bam,Contemporary,Cat,0.9999999,0.5775498,K1,0.8557311665400511,2.3530942555259995,0.4224502
OchCCat006,OchCCat006.merged.rmdup.merged.realn.bam,Contemporary,Cat,0.9999998999999999,0.516582,K1,0.8636727486902483,2.371855947014302,0.483418
OchCCat007,OchCCat007.merged.rmdup.merged.realn.bam,Contemporary,Cat,0.9999998999999999,0.7001997,K2,0.7942385535987416,2.212755460480482,0.2998003
OchCCat008,OchCCat008.merged.rmdup.merged.realn.bam,Contemporary,Cat,1,0.7162837,K2,0.779173629771136,2.1796703064081187,0.28371630000000003
OchCCat009,OchCCat009.merged.rmdup.merged.realn.bam,Contemporary,Cat,1.0000001,0.789534,K2,0.6292059178931263,1.876120194122075,0.21046600000000004
OchCCat010,OchCCat010.merged.rmdup.merged.realn.bam,Contemporary,Cat,0.9999998999999999,0.5409061,K1,0.8957384657070605,2.4491437304855532,0.45909390000000005
OchCCat011,OchCCat011.merged.rmdup.merged.realn.bam,Contemporary,Cat,0.9999999,0.7908517,K2,0.6424097398006509,1.901056415472673,0.20914829999999995
OchCCat012,OchCCat012.merged.rmdup.merged.realn.bam,Contemporary,Cat,1,0.8575329,K1,0.50081317590279,1.6500625163682985,0.14246709999999996
OchCCat013,OchCCat013.merged.rmdup.merged.realn.bam,Contemporary,Cat,1,0.6008688,K2,0.9025575349011901,2.4659016829321425,0.3991312
OchCCat014,OchCCat014.merged.rmdup.merged.realn.bam,Contemporary,Cat,1.0000001,0.6003338,K2,0.8985921726771708,2.4561428509896643,0.39966619999999997
OchCCat015,OchCCat015.merged.rmdup.merged.realn.bam,Contemporary,Cat,1,0.8554248,K1,0.5143648786410854,1.6725758757219147,0.14457520000000001
OchCCat016,OchCCat016.merged.rmdup.merged.realn.bam,Contemporary,Cat,1,0.8669481,K1,0.48861504207718875,1.6300570954313263,0.1330519
OchCCat017,OchCCat017.merged.rmdup.merged.realn.bam,Contemporary,Cat,1,0.8013134,K2,0.6267234111699393,1.8714684894596851,0.19868660000000005
OchCCat018,OchCCat018.merged.rmdup.merged.realn.bam,Contemporary,Cat,1,0.8591862,K1,0.5044069179211047,1.6560030834053794,0.1408138
OchCCat019,OchCCat019.merged.rmdup.merged.realn.bam,Contemporary,Cat,1,0.820485,K2,0.5717418097349636,1.771349720129734,0.17951499999999998
OchCCat020,OchCCat020.merged.rmdup.merged.realn.bam,Contemporary,Cat,0.9999999999999999,0.5931169,K2,0.8220202934688223,2.27509155026697,0.40688310000000005
OchCCat021,OchCCat021.merged.rmdup.merged.realn.bam,Contemporary,Cat,1.0000001,0.6913681,K2,0.8212723205839007,2.2733904797332802,0.30863189999999996
OchCCat022,OchCCat022.merged.rmdup.merged.realn.bam,Contemporary,Cat,0.9999999,0.8667749,K1,0.4780804264881863,1.6129752040982597,0.13322509999999999
OchCCat023,OchCCat023.merged.rmdup.merged.realn.bam,Contemporary,Cat,1,0.7633268,K2,0.7405189622639764,2.097023508223541,0.23667320000000003
OchCCat024,OchCCat024.merged.rmdup.merged.realn.bam,Contemporary,Cat,1,0.7567347,K2,0.7343201515097678,2.0840646625604187,0.24326530000000002
OchCCat025,OchCCat025.merged.rmdup.merged.realn.bam,Contemporary,Cat,0.9999998999999999,0.8627073,K2,0.4121249592317607,1.510023115868374,0.13729270000000005
OchCCat028,OchCCat028.merged.rmdup.merged.realn.bam,Contemporary,Cat,1.0000001,0.8452896,K2,0.5368491662039331,1.7106085188765907,0.15471040000000003
OchCCat029,OchCCat029.merged.rmdup.merged.realn.bam,Contemporary,Cat,0.9999999,0.8499225,K2,0.4796119689345422,1.6154474367696487,0.15007749999999997
OchCCat031,OchCCat031.merged.rmdup.merged.realn.bam,Contemporary,Cat,1,0.6229417,K1,0.8088227586451808,2.2452632135063513,0.37705829999999996
OchCCat035,OchCCat035.merged.rmdup.merged.realn.bam,Contemporary,Cat,1.0000001,0.4669822,K2,0.9034095843893157,2.468003648561055,0.5330178
OchCCat036,OchCCat036.merged.rmdup.merged.realn.bam,Contemporary,Cat,1,0.8451202,K2,0.5124768568825767,1.6694209952544432,0.1548798
OchCCat037,OchCCat037.merged.rmdup.merged.realn.bam,Contemporary,Cat,1,0.8449452,K2,0.4974670312056025,1.6445503957488374,0.15505480000000005
OchCCat038,OchCCat038.merged.rmdup.merged.realn.bam,Contemporary,Cat,1,0.8262639,K2,0.5067625392262066,1.659908597700345,0.17373609999999995
OchCCat047,OchCCat047.merged.rmdup.merged.realn.bam,Contemporary,Cat,0.9999999,0.580979,K2,0.8017698964706835,2.2294833933753506,0.419021
OchCCat051,OchCCat051.merged.rmdup.merged.realn.bam,Contemporary,Cat,1,0.7499745,K2,0.7473525532725347,2.1114027843030674,0.2500255
OchCCat059,OchCCat059.merged.rmdup.merged.realn.bam,Contemporary,Cat,1,0.7906041,K2,0.5333045405614801,1.7045557857303382,0.20939589999999997
OchCCat063,OchCCat063.merged.rmdup.merged.realn.bam,Contemporary,Cat,0.9999999,0.7782075,K2,0.6813724015679219,1.9765885448613179,0.22179249999999995
OchCCat065,OchCCat065.merged.rmdup.merged.realn.bam,Contemporary,Cat,1,0.8416361,K2,0.5505881560474888,1.7342727409604382,0.1583639
OchCCat066,OchCCat066.merged.rmdup.merged.realn.bam,Contemporary,Cat,0.9999998999999999,0.7652237,K2,0.6988725260167924,2.01148353314208,0.23477630000000005
OchCCat068,OchCCat068.merged.rmdup.merged.realn.bam,Contemporary,Cat,1.0000001,0.8970826,K1,0.4044995975148312,1.498552433043069,0.10291740000000005
OchCCat069,OchCCat069.merged.rmdup.merged.realn.bam,Contemporary,Cat,1,0.7310236,K2,0.7567443883310302,2.1313261429972514,0.2689764
OchCCat070,OchCCat070.merged.rmdup.merged.realn.bam,Contemporary,Cat,0.9999998999999999,0.8957571,K1,0.414268833442009,1.513263888146148,0.10424290000000003
OchCCat071,OchCCat071.merged.rmdup.merged.realn.bam,Contemporary,Cat,1,0.8648983,K1,0.4865506679511545,1.6266955187093823,0.1351017
OchCCat072,OchCCat072.merged.rmdup.merged.realn.bam,Contemporary,Cat,1,0.7782673,K2,0.6791271286314935,1.972155542607403,0.2217327
OchCCat074,OchCCat074.merged.rmdup.merged.realn.bam,Contemporary,Cat,1,0.7038101,K1,0.6891873624868189,1.992096023336533,0.2961899
OchCCat075,OchCCat075.merged.rmdup.merged.realn.bam,Contemporary,Cat,1,0.8034584,K2,0.6271041251419841,1.8721811193073263,0.19654159999999998
OchCCat076,OchCCat076.merged.rmdup.merged.realn.bam,Contemporary,Cat,0.9999999,0.8753079,K1,0.46177721315394965,1.5868917252383068,0.12469209999999997
OchCCat077,OchCCat077.merged.rmdup.merged.realn.bam,Contemporary,Cat,1,0.791539,K2,0.6364529329984568,1.8897658509272268,0.208461
OchCCat079,OchCCat079.merged.rmdup.merged.realn.bam,Contemporary,Cat,0.9999998999999999,0.6430117,K2,0.835448353242807,2.305847650831841,0.35698830000000004
OchCCat080,OchCCat080.merged.rmdup.merged.realn.bam,Contemporary,Cat,0.9999999,0.8843204,K1,0.43341786761400164,1.5425206554728956,0.1156796
OchCCat081,OchCCat081.merged.rmdup.merged.realn.bam,Contemporary,Cat,1,0.8692711,K1,0.4838471263252252,1.622303619178521,0.13072890000000004
OchCCat082,OchCCat082.merged.rmdup.merged.realn.bam,Contemporary,Cat,1,0.7770137,K1,0.5633669075619461,1.7565767867916495,0.22298629999999997
OchCCat083,OchCCat083.merged.rmdup.merged.realn.bam,Contemporary,Cat,1,0.769495,K2,0.6619778773363802,1.938622903259747,0.23050499999999996
OchCCat084,OchCCat084.merged.rmdup.merged.realn.bam,Contemporary,Cat,0.9999998999999999,0.7351063,K2,0.7614657887620562,2.141412779956214,0.2648937
OchCCat085,OchCCat085.merged.rmdup.merged.realn.bam,Contemporary,Cat,1,0.7028698,K1,0.6391129744498628,1.8947993981782731,0.2971302
OchCCat086,OchCCat086.merged.rmdup.merged.realn.bam,Contemporary,Cat,0.9999998999999999,0.8585077,K1,0.48965688844537797,1.6317562494711806,0.14149230000000002
OchCCat087,OchCCat087.merged.rmdup.merged.realn.bam,Contemporary,Cat,0.9999999,0.8686416,K1,0.46512026936536555,1.592205670937733,0.1313584
OchCCat088,OchCCat088.merged.rmdup.merged.realn.bam,Contemporary,Cat,1,0.8782961,K1,0.4573016228554312,1.579805317785183,0.12170389999999998
OchCCat090,OchCCat090.merged.rmdup.merged.realn.bam,Contemporary,Cat,1,0.6764328,K2,0.8313858852952108,2.2964992203647916,0.32356720000000005
OchCCat091,OchCCat091.merged.rmdup.merged.realn.bam,Contemporary,Cat,1,0.8706185,K1,0.4768664676292882,1.611018306596913,0.12938150000000004
OchCCat092,OchCCat092.merged.rmdup.merged.realn.bam,Contemporary,Cat,0.9999998999999999,0.7661492,K2,0.7013095871547592,2.016391619714682,0.23385080000000003
OchCCat094,OchCCat094.merged.rmdup.merged.realn.bam,Contemporary,Cat,1.0000001,0.810429,K2,0.498148984049675,1.6456722840624232,0.18957100000000005
OchCCat095,OchCCat095.merged.rmdup.merged.realn.bam,Contemporary,Cat,1,0.8050323,K2,0.505401879450309,1.657651562716367,0.19496769999999997
OchCCat096,OchCCat096.merged.rmdup.merged.realn.bam,Contemporary,Cat,0.9999998999999999,0.662194,K1,0.7648861546713672,2.148749735610178,0.33780600000000005
OchCTum001,OchCTum001.merged.rmdup.merged.realn.bam,Contemporary,Tum,1.0000001,0.9210432,K1,0.3223339774720712,1.380345703351869,0.07895680000000005
OchCTum002,OchCTum002.merged.rmdup.merged.realn.bam,Contemporary,Tum,1,0.9139592,K1,0.3513686441789139,1.4210110768290456,0.08604080000000003
OchCTum003,OchCTum003.merged.rmdup.merged.realn.bam,Contemporary,Tum,1.0000001,0.9336784,K1,0.25030556141383803,1.2844178252588743,0.06632159999999998
OchCTum004,OchCTum004.merged.rmdup.merged.realn.bam,Contemporary,Tum,1,0.8842589,K1,0.36063589390830064,1.4342411498563852,0.11574110000000004
OchCTum005,OchCTum005.merged.rmdup.merged.realn.bam,Contemporary,Tum,1,0.9029174,K1,0.38817388263068997,1.4742861147498105,0.09708260000000002
OchCTum006,OchCTum006.merged.rmdup.merged.realn.bam,Contemporary,Tum,1.0000001,0.9057188,K1,0.3812602089584952,1.4641285352081557,0.09428119999999995
OchCTum007,OchCTum007.merged.rmdup.merged.realn.bam,Contemporary,Tum,1,0.8967918,K1,0.4071731548356079,1.5025642594051887,0.10320819999999997
OchCTum008,OchCTum008.merged.rmdup.merged.realn.bam,Contemporary,Tum,0.9999998999999999,0.8990444,K1,0.399536834733218,1.4911338962471508,0.10095560000000003
OchCTum009,OchCTum009.merged.rmdup.merged.realn.bam,Contemporary,Tum,0.9999998999999999,0.8898919,K1,0.36496329815493633,1.4404611395974707,0.11010810000000004
OchCTum010,OchCTum010.merged.rmdup.merged.realn.bam,Contemporary,Tum,1,0.9361185,K1,0.26857488492140613,1.3080989302485035,0.06388150000000004
OchCTum011,OchCTum011.merged.rmdup.merged.realn.bam,Contemporary,Tum,1,0.906162,K1,0.3294059804195518,1.390142111519102,0.09383799999999998
OchCTum012,OchCTum012.merged.rmdup.merged.realn.bam,Contemporary,Tum,1.0000001,0.9455329,K1,0.2245143906571268,1.251714724215829,0.05446709999999999
OchCTum013,OchCTum013.merged.rmdup.merged.realn.bam,Contemporary,Tum,1,0.9488162,K1,0.21031495029454708,1.2340666684180652,0.0511838
OchCTum014,OchCTum014.merged.rmdup.merged.realn.bam,Contemporary,Tum,0.9999998,0.9242316,K1,0.282440024264365,1.3263622231611276,0.07576839999999996
OchCTum015,OchCTum015.merged.rmdup.merged.realn.bam,Contemporary,Tum,0.9999999,0.8783016,K1,0.3927370032612846,1.4810288323525502,0.12169839999999998
OchCTum016,OchCTum016.merged.rmdup.merged.realn.bam,Contemporary,Tum,0.9999998999999999,0.9228852,K1,0.2836993133257784,1.328033548720357,0.07711480000000004
OchCTum017,OchCTum017.merged.rmdup.merged.realn.bam,Contemporary,Tum,1.0000001,0.9059958,K1,0.31694476467277827,1.3729267357735588,0.09400419999999998
OchCTum018,OchCTum018.merged.rmdup.merged.realn.bam,Contemporary,Tum,1,0.9171349,K1,0.3488790851428165,1.417477785855483,0.08286510000000002
OchCTum019,OchCTum019.merged.rmdup.merged.realn.bam,Contemporary,Tum,1,0.9133682,K1,0.30192259145610967,1.352456530966625,0.08663180000000004
OchCTum020,OchCTum020.merged.rmdup.merged.realn.bam,Contemporary,Tum,0.9999998,0.7954805,K1,0.5083027957151345,1.6624672526756004,0.20451949999999997
OchCTum021,OchCTum021.merged.rmdup.merged.realn.bam,Contemporary,Tum,1,0.8008726,K1,0.5008943654233046,1.6501964895913588,0.19912739999999995
OchCTum022,OchCTum022.merged.rmdup.merged.realn.bam,Contemporary,Tum,1,0.8911389,K1,0.35668298851045815,1.4285829208629763,0.10886110000000004
OchCTum023,OchCTum023.merged.rmdup.merged.realn.bam,Contemporary,Tum,1,0.9005355,K1,0.34086566250314815,1.4061643275774551,0.09946449999999996
OchCTum024,OchCTum024.merged.rmdup.merged.realn.bam,Contemporary,Tum,1,0.7833796,K1,0.5243070254805265,1.6892878092679413,0.21662040000000005
OchCTum025,OchCTum025.merged.rmdup.merged.realn.bam,Contemporary,Tum,0.9999999,0.7769447,K1,0.5324619178767935,1.7031200933164128,0.22305529999999996
OchCTum026,OchCTum026.merged.rmdup.merged.realn.bam,Contemporary,Tum,1,0.9067391,K1,0.38203929813707005,1.4652696663697284,0.09326089999999998
OchCTum027,OchCTum027.merged.rmdup.merged.realn.bam,Contemporary,Tum,1,0.9255092,K1,0.30932977674655415,1.3625116210726946,0.07449079999999997
OchCTum028,OchCTum028.merged.rmdup.merged.realn.bam,Contemporary,Tum,1,0.908807,K1,0.37259817050663196,1.4515009667342804,0.09119299999999997
OchCTum029,OchCTum029.merged.rmdup.merged.realn.bam,Contemporary,Tum,0.9999999,0.9054235,K1,0.3812662127699524,1.464137325586218,0.09457649999999995
OchCTum030,OchCTum030.merged.rmdup.merged.realn.bam,Contemporary,Tum,1,0.8879839,K1,0.35767221405780825,1.4299968107975254,0.11201609999999995
OchCTum031,OchCTum031.merged.rmdup.merged.realn.bam,Contemporary,Tum,1,0.9076075,K1,0.3750230043527912,1.4550248861390052,0.09239249999999999
OchCTum032,OchCTum032.merged.rmdup.merged.realn.bam,Contemporary,Tum,1,0.898008,K1,0.390040004315079,1.477039880669542,0.10199199999999997
OchCTum033,OchCTum033.merged.rmdup.merged.realn.bam,Contemporary,Tum,0.9999999,0.8843029,K1,0.38108359856465773,1.4638699777235655,0.1156971
OchCTum034,OchCTum034.merged.rmdup.merged.realn.bam,Contemporary,Tum,0.9999999,0.9003436,K1,0.33962300860389355,1.404418037234767,0.09965639999999998
OchCTum035,OchCTum035.merged.rmdup.merged.realn.bam,Contemporary,Tum,1.0000001,0.8723435,K1,0.41052433867850247,1.5076080751307492,0.12765649999999995
OchCTum036,OchCTum036.merged.rmdup.merged.realn.bam,Contemporary,Tum,1.0000001,0.8599764,K1,0.430554046151249,1.5381094711500334,0.14002360000000003
OchCTum037,OchCTum037.merged.rmdup.merged.realn.bam,Contemporary,Tum,1,0.8757876,K1,0.39931085073505246,1.4907969619197936,0.1242124
OchCTum038,OchCTum038.merged.rmdup.merged.realn.bam,Contemporary,Tum,1,0.8718069,K1,0.3941214271222145,1.483080623953699,0.12819309999999995
OchCTum039,OchCTum039.merged.rmdup.merged.realn.bam,Contemporary,Tum,1,0.7662224,K1,0.5472373601860345,1.7284712722342532,0.23377760000000003
OchCTum040,OchCTum040.merged.rmdup.merged.realn.bam,Contemporary,Tum,1,0.8511686,K1,0.44812636398018507,1.5653764903600054,0.14883139999999995
OchCTum041,OchCTum041.merged.rmdup.merged.realn.bam,Contemporary,Tum,1,0.9379252,K1,0.24813533069555613,1.2816333647930847,0.062074799999999986
OchCTum042,OchCTum042.merged.rmdup.merged.realn.bam,Contemporary,Tum,1,0.8687794,K1,0.41844274435635564,1.5195933168519198,0.13122060000000002
OchCTum043,OchCTum043.merged.rmdup.merged.realn.bam,Contemporary,Tum,1,0.9371767,K1,0.250965220687723,1.2852653829077465,0.06282330000000003
OchCTum044,OchCTum044.merged.rmdup.merged.realn.bam,Contemporary,Tum,0.9999998999999999,0.8557667,K1,0.4436702677124094,1.5584165406434796,0.1442333
OchCTum045,OchCTum045.merged.rmdup.merged.realn.bam,Contemporary,Tum,0.9999998999999999,0.9620622,K1,0.19439691379090873,1.2145782701617862,0.03793780000000002
OchCTum047,OchCTum047.merged.rmdup.merged.realn.bam,Contemporary,Tum,1,0.8843536,K1,0.3992524153140093,1.4907098491168955,0.11564640000000004
OchCTum048,OchCTum048.merged.rmdup.merged.realn.bam,Contemporary,Tum,0.9999999,0.8968521,K1,0.35868159011831957,1.4314409440591114,0.10314789999999996
OchCTum049,OchCTum049.merged.rmdup.merged.realn.bam,Contemporary,Tum,1.0000001,0.9826392,K1,0.10528032930489312,1.1110220187354516,0.017360799999999954
OchCTum050,OchCTum050.merged.rmdup.merged.realn.bam,Contemporary,Tum,0.9999998999999999,0.5462786,K1,1.1402292138598313,3.1274851459768462,0.45372140000000005
OchCTum051,OchCTum051.merged.rmdup.merged.realn.bam,Contemporary,Tum,1,0.6558015,K1,0.9797497526119614,2.6637895521365,0.34419849999999996
