sample_id,sample,era,location,K2,K3,K4,prop_sum,max_prop,dominant_cluster,entropy,effective_clusters,admixedness
OchACan001,OchACan001.merged.rmdup.merged.realn.rescaled.bam,Historical,Can,0.014509900000000001,9.89e-5,0.9853912,1,0.9853912,K4,0.07683287007009616,1.0798615841193302,0.014608799999999977
OchACan002,OchACan002.merged.rmdup.merged.realn.rescaled.bam,Historical,Can,0.012064,9.93e-5,0.9878367,1,0.9878367,K4,0.06629738515254195,1.068544439171789,0.012163299999999988
OchACan003,OchACan003.merged.rmdup.merged.realn.rescaled.bam,Historical,Can,0.015882999999999998,9.89e-5,0.9840181,1,0.9840181,K4,0.08256092177777602,1.0860648364242678,0.015981899999999993
OchACan004,OchACan004.merged.rmdup.merged.realn.rescaled.bam,Historical,Can,0.0162303,9.92e-5,0.9836705,1,0.9836705,K4,0.08399294879112482,1.0876212247373553,0.016329499999999997
OchACan005,OchACan005.merged.rmdup.merged.realn.rescaled.bam,Historical,Can,0.0122223,9.94e-5,0.9876782,0.9999998999999999,0.9876782,K4,0.06699471526502176,1.0692898272463165,0.01232180000000005
OchACan006,OchACan006.merged.rmdup.merged.realn.rescaled.bam,Historical,Can,0.012573800000000001,9.95e-5,0.9873267,1,0.9873267,K4,0.06853428900276981,1.0709373456950297,0.012673299999999998
OchACan007,OchACan007.merged.rmdup.merged.realn.rescaled.bam,Historical,Can,0.0210545,9.82e-5,0.9788473,1,0.9788473,K4,0.10311749165109542,1.1086216552131516,0.021152700000000024
OchACan008,OchACan008.merged.rmdup.merged.realn.rescaled.bam,Historical,Can,0.0218274,9.83e-5,0.9780743,1,0.9780743,K4,0.1060714561926313,1.111901325903252,0.021925700000000048
OchACan009,OchACan009.merged.rmdup.merged.realn.rescaled.bam,Historical,Can,0.0138545,9.9e-5,0.9860465,1,0.9860465,K4,0.07405392964796047,1.076864878874086,0.013953499999999952
OchACan010,OchACan010.merged.rmdup.merged.realn.rescaled.bam,Historical,Can,0.018884400000000003,0.012882,0.9682336,1,0.9682336,K4,0.16227800546869822,1.176187182342102,0.03176639999999997
OchACan011,OchACan011.merged.rmdup.merged.realn.rescaled.bam,Historical,Can,0.0144206,9.93e-5,0.98548,0.9999999,0.98548,K4,0.07645968516947813,1.079458671266552,0.014519999999999977
OchACan012,OchACan012.merged.rmdup.merged.realn.rescaled.bam,Historical,Can,0.0195671,9.93e-5,0.9803336,1,0.9803336,K4,0.09736214647979358,1.1022594807397987,0.019666399999999973
OchACan013,OchACan013.merged.rmdup.merged.realn.rescaled.bam,Historical,Can,0.0226775,9.89e-5,0.9772235,0.9999999,0.9772235,K4,0.10929279869569052,1.115488916229811,0.022776499999999977
OchACan014,OchACan014.merged.rmdup.merged.realn.rescaled.bam,Historical,Can,0.0196301,9.87e-5,0.9802712,1,0.9802712,K4,0.09760310759457862,1.1025251144154682,0.01972879999999999
OchACan015,OchACan015.merged.rmdup.merged.realn.rescaled.bam,Historical,Can,0.009209,0.0213651,0.9694259,1,0.9694259,K4,0.1554398442313026,1.1681716616892892,0.03057410000000005
OchACan016,OchACan016.merged.rmdup.merged.realn.rescaled.bam,Historical,Can,0.0164982,9.88e-5,0.9834028,0.9999998,0.9834028,K4,0.08508680030097043,1.0888115717689346,0.01659719999999998
OchACan017,OchACan017.merged.rmdup.merged.realn.rescaled.bam,Historical,Can,0.0150529,9.9e-5,0.9848481,1,0.9848481,K4,0.0791140918442434,1.082327799801035,0.015151899999999996
OchACan018,OchACan018.merged.rmdup.merged.realn.rescaled.bam,Historical,Can,0.016520399999999998,9.9e-5,0.9833807,1.0000001,0.9833807,K4,0.08517907951601156,1.08891205108211,0.016619300000000004
OchACan019,OchACan019.merged.rmdup.merged.realn.rescaled.bam,Historical,Can,0.0168349,9.86e-5,0.9830666,1.0000001,0.9830666,K4,0.08645754523359588,1.0903050780877792,0.016933399999999987
OchACan020,OchACan020.merged.rmdup.merged.realn.rescaled.bam,Historical,Can,0.0153102,9.93e-5,0.9845904,0.9999998999999999,0.9845904,K4,0.08019048096439337,1.0834934328940231,0.015409600000000023
OchACan021,OchACan021.merged.rmdup.merged.realn.rescaled.bam,Historical,Can,0.0141751,9.93e-5,0.9857255,0.9999999,0.9857255,K4,0.07542044525152077,1.0783374374419734,0.014274499999999968
OchACan022,OchACan022.merged.rmdup.merged.realn.rescaled.bam,Historical,Can,0.1367264,0.8631737,1e-4,1.0000001,0.8631737,K3,0.39998239491081633,1.491798434165608,0.13682629999999996
OchACan023,OchACan023.merged.rmdup.merged.realn.rescaled.bam,Historical,Can,0.1326623,0.8609269,0.0064108,1,0.8609269,K3,0.42926416776802256,1.5361267759848767,0.13907309999999995
OchACan024,OchACan024.merged.rmdup.merged.realn.rescaled.bam,Historical,Can,0.1074344,0.8290882,0.0634773,0.9999999,0.8290882,K3,0.5700791992797759,1.768407102456557,0.17091179999999995
OchACat001,OchACat001.merged.rmdup.merged.realn.rescaled.bam,Historical,Cat,0.0615922,0.9383077,1e-4,0.9999998999999999,0.9383077,K3,0.23234099166908018,1.2615498334764559,0.06169230000000003
OchACat002,OchACat002.merged.rmdup.merged.realn.rescaled.bam,Historical,Cat,0.0711937,0.9287066,9.97e-5,1,0.9287066,K3,0.2577266927298583,1.2939851147522028,0.07129339999999995
OchACat003,OchACat003.merged.rmdup.merged.realn.rescaled.bam,Historical,Cat,0.0688472,0.9310529,1e-4,1.0000001,0.9310529,K3,0.2516605548477887,1.2861593826114788,0.06894710000000004
OchACat004,OchACat004.merged.rmdup.merged.realn.rescaled.bam,Historical,Cat,0.0757802,0.9172292,0.0069906,1,0.9172292,K3,0.30944905782392107,1.3626741526200574,0.08277080000000003
OchACat005,OchACat005.merged.rmdup.merged.realn.rescaled.bam,Historical,Cat,0.1138315,0.88607,9.85e-5,1,0.88607,K3,0.3554470828520839,1.4268184177519156,0.11392999999999998
OchACat006,OchACat006.merged.rmdup.merged.realn.rescaled.bam,Historical,Cat,0.08552359999999999,0.9143772,9.93e-5,1.0000001,0.9143772,K3,0.29306246979176054,1.3405265302292433,0.0856228
OchACat007,OchACat007.merged.rmdup.merged.realn.rescaled.bam,Historical,Cat,0.0412924,0.80507,0.1536377,1.0000000999999998,0.80507,K3,0.5939498916884967,1.8111280653855328,0.19493000000000005
OchACat008,OchACat008.merged.rmdup.merged.realn.rescaled.bam,Historical,Cat,0.09916449999999999,0.9007369,9.87e-5,1.0000000999999998,0.9007369,K3,0.32424195415917645,1.382981884860717,0.09926310000000005
OchACat009,OchACat009.merged.rmdup.merged.realn.rescaled.bam,Historical,Cat,0.1071604,0.8895792,0.0032604,1,0.8895792,K3,0.3620905930828143,1.4363290575437357,0.11042079999999999
OchACat010,OchACat010.merged.rmdup.merged.realn.rescaled.bam,Historical,Cat,0.0939074,0.8962187,0.0098738,0.9999999,0.8962187,K3,0.36592823147793296,1.4418517593713296,0.10378129999999997
OchACat011,OchACat011.merged.rmdup.merged.realn.rescaled.bam,Historical,Cat,0.0697266,0.9255515,0.0047218,0.9999998999999999,0.9255515,K3,0.28258769130242056,1.326558097603754,0.07444850000000003
OchACat012,OchACat012.merged.rmdup.merged.realn.rescaled.bam,Historical,Cat,0.11725340000000001,0.8585436,0.0242031,1.0000001,0.8585436,K3,0.47233260637036717,1.6037307060776467,0.14145640000000004
OchACat013,OchACat013.merged.rmdup.merged.realn.rescaled.bam,Historical,Cat,0.0774298,0.9224708,9.93e-5,0.9999999,0.9224708,K3,0.2734533962984247,1.314496097400711,0.07752919999999996
OchACat014,OchACat014.merged.rmdup.merged.realn.rescaled.bam,Historical,Cat,0.0702943,0.9296057,9.99e-5,0.9999998999999999,0.9296057,K3,0.2554124640848918,1.2909939997304627,0.07039430000000002
OchACat015,OchACat015.merged.rmdup.merged.realn.rescaled.bam,Historical,Cat,0.1069061,0.8929952,9.86e-5,0.9999998999999999,0.8929952,K3,0.3409945626568547,1.4063455940578042,0.10700480000000001
OchACat016,OchACat016.merged.rmdup.merged.realn.rescaled.bam,Historical,Cat,0.0749252,0.9249749,9.99e-5,1,0.9249749,K3,0.26720882974917576,1.3063132149095806,0.07502509999999996
OchACat017,OchACat017.merged.rmdup.merged.realn.rescaled.bam,Historical,Cat,0.06488479999999999,0.9350151,1e-4,0.9999998999999999,0.9350151,K3,0.24121626418145448,1.2727962657884881,0.06498490000000001
OchACat018,OchACat018.merged.rmdup.merged.realn.rescaled.bam,Historical,Cat,0.1118363,0.888065,9.86e-5,0.9999998999999999,0.888065,K3,0.35133394492080516,1.4209617696543815,0.111935
OchACat019,OchACat019.merged.rmdup.merged.realn.rescaled.bam,Historical,Cat,0.0859396,0.9139609,9.96e-5,1.0000001,0.9139609,K3,0.29404979434546014,1.3418507185816921,0.086039100000000035
OchACat020,OchACat020.merged.rmdup.merged.realn.rescaled.bam,Historical,Cat,0.09274959999999999,0.9071505,1e-4,1.0000001,0.9071505,K3,0.3098648597373759,1.3632408729536667,0.09284950000000003
OchACat021,OchACat021.merged.rmdup.merged.realn.rescaled.bam,Historical,Cat,0.1114994,0.8821653,0.0063353,1,0.8821653,K3,0.38726932747188064,1.472953144602553,0.11783469999999996
OchACat022,OchACat022.merged.rmdup.merged.realn.rescaled.bam,Historical,Cat,0.1074245,0.8894494,0.0031262,1.0000001,0.8894494,K3,0.3618936023587832,1.4360461419095358,0.11055060000000005
OchACat023,OchACat023.merged.rmdup.merged.realn.rescaled.bam,Historical,Cat,0.0734178,0.9262874,2.948e-4,1,0.9262874,K3,0.2650600992242389,1.3035093133228512,0.07371260000000002
OchACat024,OchACat024.merged.rmdup.merged.realn.rescaled.bam,Historical,Cat,0.10921900000000001,0.8616838,0.0290971,0.9999999,0.8616838,K3,0.4730506133305999,1.6048826093747546,0.1383162
OchACat025,OchACat025.merged.rmdup.merged.realn.rescaled.bam,Historical,Cat,0.078574,0.9204159,0.0010102,1.0000001,0.9204159,K3,0.28316754425968005,1.3273275292966886,0.07958410000000005
OchACat026,OchACat026.merged.rmdup.merged.realn.rescaled.bam,Historical,Cat,0.08048820000000001,0.9194118,1e-4,1,0.9194118,K3,0.28097274679595113,1.324417508822792,0.0805882
OchACat027,OchACat027.merged.rmdup.merged.realn.rescaled.bam,Historical,Cat,0.07249,0.9274101,1e-4,1.0000001,0.9274101,K3,0.26104610757152996,1.2982875249386137,0.072589899999999985
OchACat028,OchACat028.merged.rmdup.merged.realn.rescaled.bam,Historical,Cat,0.0925623,0.907338,9.98e-5,1.0000001,0.907338,K3,0.3094357084842734,1.362655961941382,0.09266200000000002
OchACat029,OchACat029.merged.rmdup.merged.realn.rescaled.bam,Historical,Cat,0.0831121,0.9167886,9.94e-5,1.0000001,0.9167886,K3,0.28731195245694197,1.332839931321489,0.08321140000000005
OchACat030,OchACat030.merged.rmdup.merged.realn.rescaled.bam,Historical,Cat,0.09710329999999999,0.9027975,9.92e-5,1,0.9027975,K3,0.3196747750450814,1.3766799608432663,0.09720249999999997
OchACat031,OchACat031.merged.rmdup.merged.realn.rescaled.bam,Historical,Cat,0.0823782,0.9175217,1e-4,0.9999998999999999,0.9175217,K3,0.2855522041904062,1.3304965310647827,0.0824783
OchACat032,OchACat032.merged.rmdup.merged.realn.rescaled.bam,Historical,Cat,0.0648648,0.888473,0.0466622,1,0.888473,K3,0.4255085512664706,1.5303684926367087,0.11152700000000004
OchACat033,OchACat033.merged.rmdup.merged.realn.rescaled.bam,Historical,Cat,0.0909253,0.9037184,0.0053563,1,0.9037184,K3,0.3375139758979118,1.401459194905739,0.09628159999999997
OchACat034,OchACat034.merged.rmdup.merged.realn.rescaled.bam,Historical,Cat,0.079714,0.9201861,1e-4,1.0000001,0.9201861,K3,0.27908293407450757,1.3219169712841414,0.0798139
OchACat035,OchACat035.merged.rmdup.merged.realn.rescaled.bam,Historical,Cat,0.0777808,0.9221191,1e-4,0.9999998999999999,0.9221191,K3,0.2743285951685115,1.3156470464810905,0.07788090000000003
OchACat036,OchACat036.merged.rmdup.merged.realn.rescaled.bam,Historical,Cat,0.09185829999999999,0.8273469,0.0807947,0.9999998999999999,0.8273469,K3,0.5793873438886559,1.7849445385144764,0.1726531
OchACat037,OchACat037.merged.rmdup.merged.realn.rescaled.bam,Historical,Cat,0.0717879,0.9281126,9.95e-5,1,0.9281126,K3,0.25924833831898814,1.2959556003045836,0.07188740000000005
OchACat038,OchACat038.merged.rmdup.merged.realn.rescaled.bam,Historical,Cat,0.09136069999999999,0.8988233,0.009816,1,0.8988233,K3,0.3598837257517047,1.4331627649488197,0.10117670000000001
OchACat039,OchACat039.merged.rmdup.merged.realn.rescaled.bam,Historical,Cat,0.050962400000000005,0.8139906,0.135047,1,0.8139906,K3,0.5896046037559777,1.8032752661517066,0.1860094
OchACat040,OchACat040.merged.rmdup.merged.realn.rescaled.bam,Historical,Cat,0.0873511,0.9091052,0.0035437,1,0.9091052,K3,0.3195745416001917,1.3765419783836244,0.09089480000000005
OchACat041,OchACat041.merged.rmdup.merged.realn.rescaled.bam,Historical,Cat,0.0823338,0.9175662,9.99e-5,0.9999998999999999,0.9175662,K3,0.28544425888828523,1.3303529179660851,0.0824338
OchATum001,OchATum001.merged.rmdup.merged.realn.rescaled.bam,Historical,Tum,0.09273730000000001,0.876946,0.0303167,1,0.876946,K3,0.4416684195747991,1.5552999479074385,0.123054
OchATum002,OchATum002.merged.rmdup.merged.realn.rescaled.bam,Historical,Tum,0.11178070000000001,0.879118,0.0091013,1,0.879118,K3,0.400967959744824,1.4932694230001138,0.12088200000000004
OchATum003,OchATum003.merged.rmdup.merged.realn.rescaled.bam,Historical,Tum,0.1089417,0.8867778,0.0042804,0.9999998999999999,0.8867778,K3,0.37141749056297535,1.4497882199565084,0.11322220000000005
OchATum004,OchATum004.merged.rmdup.merged.realn.rescaled.bam,Historical,Tum,0.0883466,0.4844446,0.4272088,1,0.4844446,K3,0.9288077775621526,2.5314892794602457,0.5155554
OchATum005,OchATum005.merged.rmdup.merged.realn.rescaled.bam,Historical,Tum,0.034028800000000005,0.0067001,0.9592711,1,0.9592711,K4,0.18846221693083745,1.207391463169633,0.04072889999999996
OchATum006,OchATum006.merged.rmdup.merged.realn.rescaled.bam,Historical,Tum,0.0878021,0.7682712,0.1439266,0.9999999,0.7682712,K3,0.6951141825321615,2.0039378755792794,0.23172879999999996
OchATum007,OchATum007.merged.rmdup.merged.realn.rescaled.bam,Historical,Tum,0.0463353,0.0673862,0.8862786,1.0000001,0.8862786,K4,0.4310919928988832,1.5389371147316715,0.11372139999999997
OchATum008,OchATum008.merged.rmdup.merged.realn.rescaled.bam,Historical,Tum,0.065842,0.5310016,0.4031563,0.9999998999999999,0.5310016,K3,0.8814814799536664,2.414474053010237,0.46899840000000004
OchATum009,OchATum009.merged.rmdup.merged.realn.rescaled.bam,Historical,Tum,0.029359,0.2394798,0.7311612,1,0.7311612,K4,0.6748104740282578,1.9636607759834388,0.26883880000000004
OchATum010,OchATum010.merged.rmdup.merged.realn.rescaled.bam,Historical,Tum,0.048139299999999996,0.6260305,0.3258302,1,0.6260305,K3,0.8046224616061144,2.235852219400189,0.37396949999999995
OchATum011,OchATum011.merged.rmdup.merged.realn.rescaled.bam,Historical,Tum,0.022487299999999998,0.3012813,0.6762314,1,0.6762314,K4,0.7113405852904868,2.036719825939018,0.32376859999999996
OchATum012,OchATum012.merged.rmdup.merged.realn.rescaled.bam,Historical,Tum,0.0363689,0.3207257,0.6429054,1,0.6429054,K4,0.7692557745761862,2.1581594987974704,0.35709460000000004
OchATum013,OchATum013.merged.rmdup.merged.realn.rescaled.bam,Historical,Tum,0.0519258,0.2080349,0.7400394,1.0000001,0.7400394,K4,0.7030086812738159,2.0198205710880845,0.2599606
OchATum014,OchATum014.merged.rmdup.merged.realn.rescaled.bam,Historical,Tum,0.11241140000000001,0.8595538,0.0280348,1,0.8595538,K3,0.47597672439265803,1.609585551441155,0.14044619999999997
OchATum015,OchATum015.merged.rmdup.merged.realn.rescaled.bam,Historical,Tum,0.12189069999999999,0.871089,0.0070203,1,0.871089,K3,0.4115681751018289,1.5091825929782454,0.128911
OchATum016,OchATum016.merged.rmdup.merged.realn.rescaled.bam,Historical,Tum,0.0399247,0.0076717,0.9524037,1.0000001,0.9524037,K4,0.2123959098195199,1.236637385057115,0.047596300000000036
OchATum017,OchATum017.merged.rmdup.merged.realn.rescaled.bam,Historical,Tum,0.0627322,0.0087969,0.9284708,0.9999999,0.9284708,K4,0.28424452919926735,1.3287578111133804,0.07152919999999996
OchATum018,OchATum018.merged.rmdup.merged.realn.rescaled.bam,Historical,Tum,0.0859139,0.6180989,0.2959872,1,0.6180989,K3,0.8685858712059532,2.3835378396576026,0.3819011
OchATum019,OchATum019.merged.rmdup.merged.realn.rescaled.bam,Historical,Tum,0.2134612,0.7798111,0.0067278,1.0000001,0.7798111,K3,0.5572391153475508,1.7458457615589968,0.22018890000000002
OchATum020,OchATum020.merged.rmdup.merged.realn.rescaled.bam,Historical,Tum,0.1744182,0.8220931,0.0034888,1.0000001,0.8220931,K3,0.4853760981866528,1.624785973003917,0.17790689999999998
OchATum021,OchATum021.merged.rmdup.merged.realn.rescaled.bam,Historical,Tum,0.17476529999999998,0.824769,4.658e-4,1.0000001,0.824769,K3,0.4673119403263728,1.5956990886834292,0.17523100000000003
OchATum022,OchATum022.merged.rmdup.merged.realn.rescaled.bam,Historical,Tum,0.1680838,0.8314481,4.68e-4,0.9999999,0.8314481,K3,0.4568047861681281,1.5790206074970827,0.16855189999999998
OchATum023,OchATum023.merged.rmdup.merged.realn.rescaled.bam,Historical,Tum,0.12369430000000001,0.8576064,0.0186993,1,0.8576064,K3,0.4646604123630862,1.5914736523357234,0.1423936
OchATum024,OchATum024.merged.rmdup.merged.realn.rescaled.bam,Historical,Tum,0.1152263,0.879817,0.0049567,1,0.879817,K3,0.38794582273729067,1.473949927552506,0.12018300000000004
OchATum025,OchATum025.merged.rmdup.merged.realn.rescaled.bam,Historical,Tum,0.035319500000000004,0.5647496,0.3999309,1,0.5647496,K3,0.8072890422107288,2.241822255817315,0.43525040000000004
OchATum026,OchATum026.merged.rmdup.merged.realn.rescaled.bam,Historical,Tum,0.1116866,0.8767865,0.0115268,0.9999999,0.8767865,K3,0.41155880220995167,1.50916844763927,0.12321349999999998
OchATum027,OchATum027.merged.rmdup.merged.realn.rescaled.bam,Historical,Tum,0.1648384,0.8350616,1.001e-4,1.0000001,0.8350616,K3,0.44861049459274827,1.5661345205171717,0.16493840000000004
OchATum028,OchATum028.merged.rmdup.merged.realn.rescaled.bam,Historical,Tum,0.059587,0.1999174,0.7404956,1,0.7404956,K4,0.7123627359767334,2.038802724843716,0.25950439999999997
OchATum029,OchATum029.merged.rmdup.merged.realn.rescaled.bam,Historical,Tum,0.113191,0.6964793,0.1903297,1,0.6964793,K3,0.8142918449429704,2.2575763920086738,0.3035207
OchATum030,OchATum030.merged.rmdup.merged.realn.rescaled.bam,Historical,Tum,0.0867213,0.8223876,0.090891,0.9999998999999999,0.8223876,K3,0.5908161202032415,1.805461287728759,0.1776124
OchATum031,OchATum031.merged.rmdup.merged.realn.rescaled.bam,Historical,Tum,0.0428591,0.017735,0.9394058,0.9999998999999999,0.9394058,K4,0.2652306529931857,1.3037316507087964,0.06059420000000004
OchATum032,OchATum032.merged.rmdup.merged.realn.rescaled.bam,Historical,Tum,0.10952730000000001,0.8688287,0.021644,1,0.8688287,K3,0.4473559729449394,1.564171002753092,0.1311713
OchATum033,OchATum033.merged.rmdup.merged.realn.rescaled.bam,Historical,Tum,0.11263369999999999,0.8504061,0.0369603,1.0000001,0.8504061,K3,0.50564122889012,1.658048368174993,0.14959389999999995
OchATum034,OchATum034.merged.rmdup.merged.realn.rescaled.bam,Historical,Tum,0.1074456,0.8856465,0.0069078,0.9999999,0.8856465,K3,0.381604111490391,1.464632139308834,0.1143535
OchATum035,OchATum035.merged.rmdup.merged.realn.rescaled.bam,Historical,Tum,0.1092307,0.8439817,0.0467877,1.0000000999999998,0.8439817,K3,0.5282989840738064,1.6960448542032656,0.15601830000000005
OchATum036,OchATum036.merged.rmdup.merged.realn.rescaled.bam,Historical,Tum,0.0344043,0.4535258,0.5120699,1,0.5120699,K4,0.8172574736176146,2.264281462752815,0.48793010000000003
OchCBur013,OchCBur013.merged.rmdup.merged.realn.bam,Contemporary,Bur,0.9998009,9.95e-5,9.95e-5,0.9999998999999999,0.9998009,K2,0.002032935408125608,1.0020350032223193,1.991000000000076e-4
OchCBur014,OchCBur014.merged.rmdup.merged.realn.bam,Contemporary,Bur,0.8713826,0.1229205,0.0056969,1,0.8713826,K2,0.4070755727573798,1.5024176432157572,0.1286174
OchCBur015,OchCBur015.merged.rmdup.merged.realn.bam,Contemporary,Bur,0.9998004,9.98e-5,9.98e-5,1,0.9998004,K2,0.0020383636165739972,1.002040442491952,1.9959999999996647e-4
OchCBur016,OchCBur016.merged.rmdup.merged.realn.bam,Contemporary,Bur,0.9997998,1.001e-4,1.001e-4,1,0.9997998,K2,0.002043890001145461,1.002045980168095,2.0019999999998372e-4
OchCBur017,OchCBur017.merged.rmdup.merged.realn.bam,Contemporary,Bur,0.9998001,9.99e-5,9.99e-5,0.9999998999999999,0.9998001,K2,0.002040305924951054,1.0020423887653878,1.999000000000306e-4
OchCBur018,OchCBur018.merged.rmdup.merged.realn.bam,Contemporary,Bur,0.9998005,9.97e-5,9.97e-5,0.9999998999999999,0.9998005,K2,0.002036621067822227,1.002038696389151,1.995000000000191e-4
OchCBur021,OchCBur021.merged.rmdup.merged.realn.bam,Contemporary,Bur,0.9998005,9.98e-5,9.98e-5,1.0000001,0.9998005,K2,0.002038263636531041,1.0020403423079105,1.995000000000191e-4
OchCBur022,OchCBur022.merged.rmdup.merged.realn.bam,Contemporary,Bur,0.9975856000000001,0.0023142,1.002e-4,1,0.9975856000000001,K2,0.017378324122642647,1.0175302057376585,0.0024143999999999277
OchCBur023,OchCBur023.merged.rmdup.merged.realn.bam,Contemporary,Bur,0.9998001000000001,9.99e-5,9.99e-5,0.9999999,0.9998001000000001,K2,0.002040305924950943,1.0020423887653878,0.00019989999999991959
OchCBur024,OchCBur024.merged.rmdup.merged.realn.bam,Contemporary,Bur,0.8766627,0.1181829,0.0051543,0.9999999,0.8766627,K2,0.39493233869232647,1.4842837589431843,0.12333729999999998
OchCBur025,OchCBur025.merged.rmdup.merged.realn.bam,Contemporary,Bur,0.9998001999999999,9.99e-5,9.99e-5,0.9999999999999999,0.9998001999999999,K2,0.002040205944938104,1.0020422885811817,1.9980000000008324e-4
OchCBur026,OchCBur026.merged.rmdup.merged.realn.bam,Contemporary,Bur,0.8797202999999999,0.1143973,0.0058824,0.9999999999999999,0.8797202999999999,K2,0.3909702878529854,1.4784145858890354,0.1202797000000001
OchCBur028,OchCBur028.merged.rmdup.merged.realn.bam,Contemporary,Bur,0.9995794,3.204e-4,1.002e-4,1,0.9995794,K2,0.003921106726645133,1.0039288043233703,4.205999999999932e-4
OchCBur029,OchCBur029.merged.rmdup.merged.realn.bam,Contemporary,Bur,0.9998001999999999,9.98e-5,9.98e-5,0.9999997999999999,0.9998001999999999,K2,0.0020385635766301253,1.0020406428600352,1.9980000000008324e-4
OchCBur030,OchCBur030.merged.rmdup.merged.realn.bam,Contemporary,Bur,0.9997999,1e-4,1e-4,0.9999998999999999,0.9997999,K2,0.0020421480530548046,1.0020442346575333,2.0010000000003636e-4
OchCBur031,OchCBur031.merged.rmdup.merged.realn.bam,Contemporary,Bur,0.9104787,0.0847224,0.004799,1.0000001,0.9104787,K2,0.3201392438805398,1.3773195343009497,0.08952130000000003
OchCBur032,OchCBur032.merged.rmdup.merged.realn.bam,Contemporary,Bur,0.9883464,0.0115534,1.001e-4,0.9999998999999999,0.9883464,K2,0.06404441031710714,1.0661397453143298,0.011653600000000042
OchCBur034,OchCBur034.merged.rmdup.merged.realn.bam,Contemporary,Bur,0.9998004,9.98e-5,9.98e-5,1,0.9998004,K2,0.0020383636165739972,1.002040442491952,1.9959999999996647e-4
OchCBur035,OchCBur035.merged.rmdup.merged.realn.bam,Contemporary,Bur,0.9886261999999999,0.0112736,1.001e-4,0.9999998999999999,0.9886261999999999,K2,0.06279610976992857,1.0648097127997536,0.0113738000000001
OchCBur037,OchCBur037.merged.rmdup.merged.realn.bam,Contemporary,Bur,0.9998004,9.98e-5,9.98e-5,1,0.9998004,K2,0.0020383636165739972,1.002040442491952,1.9959999999996647e-4
OchCBur038,OchCBur038.merged.rmdup.merged.realn.bam,Contemporary,Bur,0.9998005,9.97e-5,9.97e-5,0.9999998999999999,0.9998005,K2,0.002036621067822227,1.002038696389151,1.995000000000191e-4
OchCBur040,OchCBur040.merged.rmdup.merged.realn.bam,Contemporary,Bur,0.9998005999999999,9.97e-5,9.97e-5,0.9999999999999999,0.9998005999999999,K2,0.002036521087769269,1.0020385962052742,1.9940000000007174e-4
OchCBur041,OchCBur041.merged.rmdup.merged.realn.bam,Contemporary,Bur,0.9998004,9.98e-5,9.98e-5,1,0.9998004,K2,0.0020383636165739972,1.002040442491952,1.9959999999996647e-4
OchCBur042,OchCBur042.merged.rmdup.merged.realn.bam,Contemporary,Bur,0.8889822,0.1033201,0.0076976,0.9999998999999999,0.8889822,K2,0.37660545198941897,1.4573292095860444,0.11101780000000006
OchCBur043,OchCBur043.merged.rmdup.merged.realn.bam,Contemporary,Bur,0.9998005,9.98e-5,9.98e-5,1.0000001,0.9998005,K2,0.002038263636531041,1.0020403423079105,1.995000000000191e-4
OchCBur044,OchCBur044.merged.rmdup.merged.realn.bam,Contemporary,Bur,0.9712639999999999,0.028557,1.79e-4,0.9999999999999999,0.9712639999999999,K2,0.13140804235146286,1.1404330313604754,0.028736000000000095
OchCBur045,OchCBur045.merged.rmdup.merged.realn.bam,Contemporary,Bur,0.9997999,1e-4,1e-4,0.9999998999999999,0.9997999,K2,0.0020421480530548046,1.0020442346575333,2.0010000000003636e-4
OchCBur047,OchCBur047.merged.rmdup.merged.realn.bam,Contemporary,Bur,0.9871763,0.0127235,1.001e-4,0.9999999,0.9871763,K2,0.06919220723846248,1.0716421667359308,0.012823699999999993
OchCBur049,OchCBur049.merged.rmdup.merged.realn.bam,Contemporary,Bur,0.9997999,1e-4,1e-4,0.9999998999999999,0.9997999,K2,0.0020421480530548046,1.0020442346575333,2.0010000000003636e-4
OchCBur051,OchCBur051.merged.rmdup.merged.realn.bam,Contemporary,Bur,0.9997997999999999,1.001e-4,1.001e-4,0.9999999999999999,0.9997997999999999,K2,0.002043890001145572,1.0020459801680952,2.0020000000009475e-4
OchCBur052,OchCBur052.merged.rmdup.merged.realn.bam,Contemporary,Bur,0.9965554,0.0033445,1.001e-4,1,0.9965554,K2,0.02342563069956985,1.0237021659016898,0.00344460000000002
OchCBur053,OchCBur053.merged.rmdup.merged.realn.bam,Contemporary,Bur,0.9998005000000001,9.97e-5,9.97e-5,0.9999999,0.9998005000000001,K2,0.002036621067822116,1.002038696389151,1.9949999999990808e-4
OchCBur054,OchCBur054.merged.rmdup.merged.realn.bam,Contemporary,Bur,0.9758903000000001,0.0240095,1.001e-4,0.9999999,0.9758903000000001,K2,0.11427731694605026,1.1210629715402358,0.0241096999999999
OchCBur055,OchCBur055.merged.rmdup.merged.realn.bam,Contemporary,Bur,0.9998002,9.99e-5,9.99e-5,1,0.9998002,K2,0.002040205944937993,1.0020422885811817,1.9979999999997222e-4
OchCBur056,OchCBur056.merged.rmdup.merged.realn.bam,Contemporary,Bur,0.9868402000000001,0.0130596,1.001e-4,0.9999999,0.9868402000000001,K2,0.07065025429706624,1.073205811101537,0.013159799999999944
OchCBur057,OchCBur057.merged.rmdup.merged.realn.bam,Contemporary,Bur,0.9943343,0.0055655,1.001e-4,0.9999999,0.9943343,K2,0.03546292255941534,1.036099231508178,0.005665699999999996
OchCBur058,OchCBur058.merged.rmdup.merged.realn.bam,Contemporary,Bur,0.9998003,9.99e-5,9.99e-5,1.0000001,0.9998003,K2,0.002040105964915041,1.0020421883969757,1.9970000000002486e-4
OchCBur059,OchCBur059.merged.rmdup.merged.realn.bam,Contemporary,Bur,0.9894993,0.0104006,1.001e-4,1,0.9894993,K2,0.05885524274515421,1.0606216969418585,0.01050070000000003
OchCBur060,OchCBur060.merged.rmdup.merged.realn.bam,Contemporary,Bur,0.9967668000000001,0.003133,1.001e-4,0.9999999,0.9967668000000001,K2,0.022213962036469095,1.0224625292330343,0.003233199999999936
OchCBur061,OchCBur061.merged.rmdup.merged.realn.bam,Contemporary,Bur,0.9997999000000001,1.001e-4,1.001e-4,1.0000001,0.9997999000000001,K2,0.002043790021162406,1.0020458799835599,2.0009999999992534e-4
OchCBur062,OchCBur062.merged.rmdup.merged.realn.bam,Contemporary,Bur,0.9998004,9.98e-5,9.98e-5,1,0.9998004,K2,0.0020383636165739972,1.002040442491952,1.9959999999996647e-4
OchCBur063,OchCBur063.merged.rmdup.merged.realn.bam,Contemporary,Bur,0.9998,1e-4,1e-4,1,0.9998,K2,0.0020420480730617475,1.0020441344731628,1.9999999999997797e-4
OchCBur064,OchCBur064.merged.rmdup.merged.realn.bam,Contemporary,Bur,0.9998004,9.98e-5,9.98e-5,1,0.9998004,K2,0.0020383636165739972,1.002040442491952,1.9959999999996647e-4
OchCBur065,OchCBur065.merged.rmdup.merged.realn.bam,Contemporary,Bur,0.9998002,9.98e-5,9.98e-5,0.9999998,0.9998002,K2,0.0020385635766300143,1.002040642860035,1.9979999999997222e-4
OchCBur066,OchCBur066.merged.rmdup.merged.realn.bam,Contemporary,Bur,0.9998012999999999,9.94e-5,9.94e-5,1.0000000999999998,0.9998012999999999,K2,0.002030892316574662,1.0020329559751617,1.9870000000010712e-4
OchCBur067,OchCBur067.merged.rmdup.merged.realn.bam,Contemporary,Bur,0.9998007,9.97e-5,9.97e-5,1.0000001,0.9998007,K2,0.002036421107706198,1.002038496021397,1.9930000000001336e-4
OchCBur069,OchCBur069.merged.rmdup.merged.realn.bam,Contemporary,Bur,0.9997999,1e-4,1e-4,0.9999998999999999,0.9997999,K2,0.0020421480530548046,1.0020442346575333,2.0010000000003636e-4
OchCBur070,OchCBur070.merged.rmdup.merged.realn.bam,Contemporary,Bur,0.9997999,1e-4,1e-4,0.9999998999999999,0.9997999,K2,0.0020421480530548046,1.0020442346575333,2.0010000000003636e-4
OchCBur071,OchCBur071.merged.rmdup.merged.realn.bam,Contemporary,Bur,0.9998005,9.97e-5,9.97e-5,0.9999998999999999,0.9998005,K2,0.002036621067822227,1.002038696389151,1.995000000000191e-4
OchCBur072,OchCBur072.merged.rmdup.merged.realn.bam,Contemporary,Bur,0.9922246,0.0076752,1.001e-4,0.9999999,0.9922246,K2,0.04604333701520349,1.0471197890198718,0.007775399999999988
OchCBur073,OchCBur073.merged.rmdup.merged.realn.bam,Contemporary,Bur,0.9998008,9.96e-5,9.96e-5,1,0.9998008,K2,0.002034678358322472,1.0020367497209475,1.9919999999995497e-4
OchCBur074,OchCBur074.merged.rmdup.merged.realn.bam,Contemporary,Bur,0.9998005000000001,9.97e-5,9.97e-5,0.9999999,0.9998005000000001,K2,0.002036621067822116,1.002038696389151,1.9949999999990808e-4
OchCBur076,OchCBur076.merged.rmdup.merged.realn.bam,Contemporary,Bur,0.9998001,1e-4,1e-4,1.0000001,0.9998001,K2,0.0020419480930587994,1.0020440342887924,1.999000000000306e-4
OchCBur077,OchCBur077.merged.rmdup.merged.realn.bam,Contemporary,Bur,0.9998008,9.96e-5,9.96e-5,1,0.9998008,K2,0.002034678358322472,1.0020367497209475,1.9919999999995497e-4
OchCBur078,OchCBur078.merged.rmdup.merged.realn.bam,Contemporary,Bur,0.9998005000000001,9.97e-5,9.97e-5,0.9999999,0.9998005000000001,K2,0.002036621067822116,1.002038696389151,1.9949999999990808e-4
OchCBur079,OchCBur079.merged.rmdup.merged.realn.bam,Contemporary,Bur,0.9997999,1e-4,1e-4,0.9999998999999999,0.9997999,K2,0.0020421480530548046,1.0020442346575333,2.0010000000003636e-4
OchCBur080,OchCBur080.merged.rmdup.merged.realn.bam,Contemporary,Bur,0.9997999,1e-4,1e-4,0.9999998999999999,0.9997999,K2,0.0020421480530548046,1.0020442346575333,2.0010000000003636e-4
OchCBur082,OchCBur082.merged.rmdup.merged.realn.bam,Contemporary,Bur,0.9998005,9.97e-5,9.97e-5,0.9999998999999999,0.9998005,K2,0.002036621067822227,1.002038696389151,1.995000000000191e-4
OchCBur083,OchCBur083.merged.rmdup.merged.realn.bam,Contemporary,Bur,0.9998007,9.96e-5,9.96e-5,0.9999998999999999,0.9998007,K2,0.0020347783383955448,1.00203684990466,1.9930000000001336e-4
OchCBur084,OchCBur084.merged.rmdup.merged.realn.bam,Contemporary,Bur,0.9908036,0.0090962,1.001e-4,0.9999999,0.9908036,K2,0.05282705496123514,1.054247302511585,0.009196399999999993
OchCBur086,OchCBur086.merged.rmdup.merged.realn.bam,Contemporary,Bur,0.9997997000000001,1.001e-4,1.001e-4,0.9999999,0.9997997000000001,K2,0.002043989981118403,1.00204608035263,2.002999999999311e-4
OchCBur087,OchCBur087.merged.rmdup.merged.realn.bam,Contemporary,Bur,0.9905057,0.0093942,1.001e-4,1,0.9905057,K2,0.0542198987243097,1.055716727393709,0.009494299999999956
OchCBur088,OchCBur088.merged.rmdup.merged.realn.bam,Contemporary,Bur,0.9997999000000001,1e-4,1e-4,0.9999999,0.9997999000000001,K2,0.0020421480530546936,1.0020442346575333,2.0009999999992534e-4
OchCBur089,OchCBur089.merged.rmdup.merged.realn.bam,Contemporary,Bur,0.9998003,9.98e-5,9.98e-5,0.9999998999999999,0.9998003,K2,0.0020384635966070623,1.0020405426759935,1.9970000000002486e-4
OchCCat001,OchCCat001.merged.rmdup.merged.realn.bam,Contemporary,Cat,0.9188874,0.0810125,1.001e-4,1,0.9188874,K2,0.2822488032666956,1.3261086191015272,0.08111259999999998
OchCCat002,OchCCat002.merged.rmdup.merged.realn.bam,Contemporary,Cat,0.926072,0.0738279,1.002e-4,1.0000001,0.926072,K2,0.2644449339835138,1.3027076862941556,0.073928
OchCCat003,OchCCat003.merged.rmdup.merged.realn.bam,Contemporary,Cat,0.8373727999999999,0.1625271,1.001e-4,0.9999999999999999,0.8373727999999999,K2,0.44484092435547534,1.560241979592093,0.16262720000000008
OchCCat004,OchCCat004.merged.rmdup.merged.realn.bam,Contemporary,Cat,0.9459525,0.0539473,1.002e-4,1,0.9459525,K2,0.21099506303576562,1.2349062583583146,0.054047500000000026
OchCCat005,OchCCat005.merged.rmdup.merged.realn.bam,Contemporary,Cat,0.9398514,0.0598712,2.773e-4,0.9999999,0.9398514,K2,0.22914441128545043,1.2575236265012693,0.060148599999999997
OchCCat006,OchCCat006.merged.rmdup.merged.realn.bam,Contemporary,Cat,0.9454598,0.0544399,1.002e-4,0.9999998999999999,0.9454598,K2,0.2124036843509161,1.2366469993706644,0.05454020000000004
OchCCat007,OchCCat007.merged.rmdup.merged.realn.bam,Contemporary,Cat,0.9104994,0.0894004,1.001e-4,0.9999998999999999,0.9104994,K2,0.30216103389240734,1.352779052446731,0.08950060000000004
OchCCat008,OchCCat008.merged.rmdup.merged.realn.bam,Contemporary,Cat,0.9034089999999999,0.0964909,1.001e-4,0.9999999999999999,0.9034089999999999,K2,0.3183153509359283,1.3748097404132982,0.0965910000000001
OchCCat009,OchCCat009.merged.rmdup.merged.realn.bam,Contemporary,Cat,0.8370517,0.1626437,3.047e-4,1.0000001,0.8370517,K2,0.44674523390920584,1.563215994123358,0.16294830000000005
OchCCat010,OchCCat010.merged.rmdup.merged.realn.bam,Contemporary,Cat,0.924518,0.0753817,1.002e-4,0.9999998999999999,0.924518,K2,0.2683574714293376,1.3078145628058866,0.07548200000000005
OchCCat011,OchCCat011.merged.rmdup.merged.realn.bam,Contemporary,Cat,0.8547881,0.1451117,1.001e-4,0.9999999,0.8547881,K2,0.4151416163016244,1.5145852154618367,0.14521189999999995
OchCCat012,OchCCat012.merged.rmdup.merged.realn.bam,Contemporary,Cat,0.952515,0.0473849,1.001e-4,1,0.952515,K2,0.19175912346173274,1.2113786891139058,0.047485
OchCCat013,OchCCat013.merged.rmdup.merged.realn.bam,Contemporary,Cat,0.8958624,0.1040375,1.001e-4,1,0.8958624,K2,0.3348757187795695,1.3977666582810242,0.10413760000000005
OchCCat014,OchCCat014.merged.rmdup.merged.realn.bam,Contemporary,Cat,0.8999218,0.0999781,1.002e-4,1.0000001,0.8999218,K2,0.3260470776953134,1.3854805925706815,0.1000782
OchCCat015,OchCCat015.merged.rmdup.merged.realn.bam,Contemporary,Cat,0.9329284,0.0668743,1.973e-4,1,0.9329284,K2,0.24734438382422436,1.2806200616802972,0.06707160000000001
OchCCat016,OchCCat016.merged.rmdup.merged.realn.bam,Contemporary,Cat,0.9222916,0.0765237,0.0011847,1,0.9222916,K2,0.2792682827305397,1.322162009526208,0.07770840000000001
OchCCat017,OchCCat017.merged.rmdup.merged.realn.bam,Contemporary,Cat,0.864,0.1353204,6.796e-4,1,0.864,K2,0.40191437780395345,1.494683349126258,0.136
OchCCat018,OchCCat018.merged.rmdup.merged.realn.bam,Contemporary,Cat,0.939817,0.0598897,2.933e-4,1,0.939817,K2,0.22932485530583996,1.257750559593914,0.060182999999999987
OchCCat019,OchCCat019.merged.rmdup.merged.realn.bam,Contemporary,Cat,0.8635298,0.1361593,3.109e-4,1,0.8635298,K2,0.4007059461244865,1.4928782173252997,0.13647019999999999
OchCCat020,OchCCat020.merged.rmdup.merged.realn.bam,Contemporary,Cat,0.953009,0.0468908,1.002e-4,1,0.953009,K2,0.19027462993100347,1.209581739396766,0.046991000000000005
OchCCat021,OchCCat021.merged.rmdup.merged.realn.bam,Contemporary,Cat,0.8905963,0.1090106,3.932e-4,1.0000001,0.8905963,K2,0.34787254227673686,1.4160517515050512,0.10940369999999999
OchCCat022,OchCCat022.merged.rmdup.merged.realn.bam,Contemporary,Cat,0.9554487,0.0444511,1.001e-4,0.9999999,0.9554487,K2,0.18285819511991935,1.2006441388104858,0.04455129999999996
OchCCat023,OchCCat023.merged.rmdup.merged.realn.bam,Contemporary,Cat,0.8686067,0.1231887,0.0082046,1,0.8686067,K2,0.419725150219048,1.5215433022995042,0.13139330000000005
OchCCat024,OchCCat024.merged.rmdup.merged.realn.bam,Contemporary,Cat,0.8708538,0.1268941,0.0022521,1,0.8708538,K2,0.396111724877385,1.486035335392692,0.1291462
OchCCat025,OchCCat025.merged.rmdup.merged.realn.bam,Contemporary,Cat,0.8628072,0.1349902,0.0022025,0.9999999,0.8628072,K2,0.4111195937078492,1.5085057535670503,0.1371928
OchCCat028,OchCCat028.merged.rmdup.merged.realn.bam,Contemporary,Cat,0.89745,0.1012026,0.0013475,1.0000001,0.89745,K2,0.337826281557316,1.401896946896386,0.10255000000000003
OchCCat029,OchCCat029.merged.rmdup.merged.realn.bam,Contemporary,Cat,0.8638303,0.1341656,0.002004,0.9999999,0.8638303,K2,0.4083924494968024,1.5043974453545903,0.13616969999999995
OchCCat031,OchCCat031.merged.rmdup.merged.realn.bam,Contemporary,Cat,0.9510842,0.0488156,1.002e-4,1,0.9510842,K2,0.19603082756291815,1.2165644084720943,0.048915799999999954
OchCCat035,OchCCat035.merged.rmdup.merged.realn.bam,Contemporary,Cat,0.9305851,0.0681649,0.0012501,1.0000001,0.9305851,K2,0.25838328181317904,1.2948350102380444,0.06941489999999995
OchCCat036,OchCCat036.merged.rmdup.merged.realn.bam,Contemporary,Cat,0.8671328,0.1288301,0.0040371,1,0.8671328,K2,0.4098810683120779,1.5066385873866344,0.13286719999999996
OchCCat037,OchCCat037.merged.rmdup.merged.realn.bam,Contemporary,Cat,0.8644531999999999,0.1342275,0.0013193,0.9999999999999999,0.8644531999999999,K2,0.4042206786225135,1.4981345167434497,0.13554680000000008
OchCCat038,OchCCat038.merged.rmdup.merged.realn.bam,Contemporary,Cat,0.8355400000000001,0.1629046,0.0015554,1,0.8355400000000001,K2,0.45578976302652385,1.5774186781746051,0.16445999999999994
OchCCat047,OchCCat047.merged.rmdup.merged.realn.bam,Contemporary,Cat,0.9646975,0.0352023,1.001e-4,0.9999998999999999,0.9646975,K2,0.15340331787665545,1.1657950701305761,0.035302500000000014
OchCCat051,OchCCat051.merged.rmdup.merged.realn.bam,Contemporary,Cat,0.8832997,0.1141592,0.0025411,1,0.8832997,K2,0.37253665402780867,1.451411678252183,0.11670029999999998
OchCCat059,OchCCat059.merged.rmdup.merged.realn.bam,Contemporary,Cat,0.790703,0.205423,0.003874,1,0.790703,K2,0.5323168751258303,1.7028730860066004,0.20929699999999996
OchCCat063,OchCCat063.merged.rmdup.merged.realn.bam,Contemporary,Cat,0.9247591000000001,0.0729829,0.0022579,0.9999999,0.9247591000000001,K2,0.2771295594089386,1.3193372925222862,0.07524089999999994
OchCCat065,OchCCat065.merged.rmdup.merged.realn.bam,Contemporary,Cat,0.8974849,0.1002565,0.0022586,1,0.8974849,K2,0.3414250206550793,1.406951097079494,0.10251509999999997
OchCCat066,OchCCat066.merged.rmdup.merged.realn.bam,Contemporary,Cat,0.9159838,0.083916,1.001e-4,0.9999999,0.9159838,K2,0.28924420649904226,1.3354178064189821,0.08401619999999999
OchCCat068,OchCCat068.merged.rmdup.merged.realn.bam,Contemporary,Cat,0.9645941,0.0337099,0.0016961,1.0000001,0.9645941,K2,0.15986705852956132,1.1733548731005692,0.03540589999999999
OchCCat069,OchCCat069.merged.rmdup.merged.realn.bam,Contemporary,Cat,0.9065406,0.0933593,1.001e-4,1,0.9065406,K2,0.31125401948709197,1.3651359482799705,0.09345939999999997
OchCCat070,OchCCat070.merged.rmdup.merged.realn.bam,Contemporary,Cat,0.9319653999999999,0.0649212,0.0031133,0.9999998999999999,0.9319653999999999,K2,0.261168374698544,1.2984462725289343,0.06803460000000006
OchCCat071,OchCCat071.merged.rmdup.merged.realn.bam,Contemporary,Cat,0.9483763000000001,0.0515236,1.001e-4,1,0.9483763000000001,K2,0.20399384145624438,1.2262906012686303,0.05162369999999994
OchCCat072,OchCCat072.merged.rmdup.merged.realn.bam,Contemporary,Cat,0.8545803,0.1441482,0.0012715,1,0.8545803,K2,0.4219732287208122,1.5249676988007843,0.14541970000000004
OchCCat074,OchCCat074.merged.rmdup.merged.realn.bam,Contemporary,Cat,0.9769668,0.0229331,1.001e-4,1,0.9769668,K2,0.11026417325324445,1.1165730002228322,0.023033199999999976
OchCCat075,OchCCat075.merged.rmdup.merged.realn.bam,Contemporary,Cat,0.9295004,0.0699413,5.583e-4,1,0.9295004,K2,0.2581867430579418,1.2945805499833645,0.0704996
OchCCat076,OchCCat076.merged.rmdup.merged.realn.bam,Contemporary,Cat,0.9514507,0.0481622,3.87e-4,0.9999998999999999,0.9514507,K2,0.19647658622342198,1.217106823477343,0.04854930000000002
OchCCat077,OchCCat077.merged.rmdup.merged.realn.bam,Contemporary,Cat,0.9414218,0.0584781,1.001e-4,1,0.9414218,K2,0.22377518067603183,1.250789786102066,0.058578200000000025
OchCCat079,OchCCat079.merged.rmdup.merged.realn.bam,Contemporary,Cat,0.9253757,0.0745241,1.001e-4,0.9999999,0.9253757,K2,0.26620151093324723,1.3049980035584878,0.07462429999999998
OchCCat080,OchCCat080.merged.rmdup.merged.realn.bam,Contemporary,Cat,0.9169888,0.0817965,0.0012146,0.9999999,0.9169888,K2,0.29239953262948193,1.3396381398813584,0.08301119999999995
OchCCat081,OchCCat081.merged.rmdup.merged.realn.bam,Contemporary,Cat,0.9355671,0.0633555,0.0010774,1,0.9355671,K2,0.2444705339630199,1.2769450351603495,0.06443290000000002
OchCCat082,OchCCat082.merged.rmdup.merged.realn.bam,Contemporary,Cat,0.9926893,0.0072105,1.002e-4,1,0.9926893,K2,0.04377033792582021,1.044742389629853,0.007310700000000003
OchCCat083,OchCCat083.merged.rmdup.merged.realn.bam,Contemporary,Cat,0.9493852,0.0505089,1.059e-4,1,0.9493852,K2,0.2010806606738259,1.2227233935386521,0.05061479999999996
OchCCat084,OchCCat084.merged.rmdup.merged.realn.bam,Contemporary,Cat,0.8794394,0.1204604,1.001e-4,0.9999998999999999,0.8794394,K2,0.36885049156287547,1.4460713876389453,0.12056060000000002
OchCCat085,OchCCat085.merged.rmdup.merged.realn.bam,Contemporary,Cat,0.9937843,0.0061155,1.002e-4,1,0.9937843,K2,0.038289286045958104,1.0390317667977091,0.006215700000000046
OchCCat086,OchCCat086.merged.rmdup.merged.realn.bam,Contemporary,Cat,0.9652908,0.0340752,6.339e-4,0.9999999,0.9652908,K2,0.15391396073287605,1.166390527074934,0.034709199999999996
OchCCat087,OchCCat087.merged.rmdup.merged.realn.bam,Contemporary,Cat,0.9656554,0.0342444,1.001e-4,0.9999999,0.9656554,K2,0.15021836720640336,1.1620879769287775,0.03434459999999995
OchCCat088,OchCCat088.merged.rmdup.merged.realn.bam,Contemporary,Cat,0.9511105,0.0478572,0.0010323,1,0.9511105,K2,0.20023607401533275,1.221691133651268,0.04888950000000003
OchCCat090,OchCCat090.merged.rmdup.merged.realn.bam,Contemporary,Cat,0.8987571,0.1011428,1.001e-4,1,0.8987571,K2,0.32859800622869473,1.3890193662070678,0.10124290000000002
OchCCat091,OchCCat091.merged.rmdup.merged.realn.bam,Contemporary,Cat,0.9258936999999999,0.0735343,5.72e-4,0.9999999999999999,0.9258936999999999,K2,0.26748549979724534,1.3066746826508866,0.07410630000000007
OchCCat092,OchCCat092.merged.rmdup.merged.realn.bam,Contemporary,Cat,0.8562497,0.1435467,2.035e-4,0.9999999,0.8562497,K2,0.4132516450723372,1.5117253963195307,0.1437503
OchCCat094,OchCCat094.merged.rmdup.merged.realn.bam,Contemporary,Cat,0.8105285999999999,0.1873372,0.0021343,1.0000000999999998,0.8105285999999999,K2,0.4971525639072039,1.6440333197348156,0.18947140000000007
OchCCat095,OchCCat095.merged.rmdup.merged.realn.bam,Contemporary,Cat,0.8051320000000001,0.1928566,0.0020114,1,0.8051320000000001,K2,0.5044052250181583,1.6560002799552533,0.19486799999999993
OchCCat096,OchCCat096.merged.rmdup.merged.realn.bam,Contemporary,Cat,0.9591284,0.0407714,1.001e-4,0.9999998999999999,0.9591284,K2,0.17140587646151495,1.1869724154304615,0.04087160000000001
OchCTum001,OchCTum001.merged.rmdup.merged.realn.bam,Contemporary,Tum,0.9827543,0.0159199,0.0013259,1.0000001,0.9827543,K2,0.09179243548452769,1.0961372792634652,0.01724570000000003
OchCTum002,OchCTum002.merged.rmdup.merged.realn.bam,Contemporary,Tum,0.9727308,0.0262492,0.00102,1,0.9727308,K2,0.12946991239536995,1.1382248644878799,0.027269199999999993
OchCTum003,OchCTum003.merged.rmdup.merged.realn.bam,Contemporary,Tum,0.9988146,9.93e-5,0.0010862,1.0000001,0.9988146,K2,0.009513372417649707,1.0095587683870846,0.0011854000000000031
OchCTum004,OchCTum004.merged.rmdup.merged.realn.bam,Contemporary,Tum,0.999699,9.96e-5,2.014e-4,1,0.999699,K2,0.002932661615078898,1.002936966073965,3.009999999999957e-4
OchCTum005,OchCTum005.merged.rmdup.merged.realn.bam,Contemporary,Tum,0.9348631,0.0633896,0.0017473,1,0.9348631,K2,0.24892006089976307,1.2826394959242697,0.06513690000000005
OchCTum006,OchCTum006.merged.rmdup.merged.realn.bam,Contemporary,Tum,0.9364845,0.0613679,0.0021477000000000002,1.0000001,0.9364845,K2,0.2459180957721332,1.2787948305491537,0.06351549999999995
OchCTum007,OchCTum007.merged.rmdup.merged.realn.bam,Contemporary,Tum,0.9327821000000001,0.0653994,0.0018185,1,0.9327821000000001,K2,0.2547406574494083,1.290126992658235,0.06721789999999994
OchCTum008,OchCTum008.merged.rmdup.merged.realn.bam,Contemporary,Tum,0.9608609,0.0380565,0.0010825,0.9999999,0.9608609,K2,0.1701494534705083,1.185482012482351,0.03913909999999998
OchCTum009,OchCTum009.merged.rmdup.merged.realn.bam,Contemporary,Tum,0.8899922,0.1059354,0.0040723,0.9999999,0.8899922,K2,0.36395119633798356,1.4390039837802457,0.11000779999999999
OchCTum010,OchCTum010.merged.rmdup.merged.realn.bam,Contemporary,Tum,0.9416719,0.055202,0.0031261,1,0.9416719,K2,0.23453092102668294,1.2643155657667111,0.058328099999999994
OchCTum011,OchCTum011.merged.rmdup.merged.realn.bam,Contemporary,Tum,0.9062624,0.0894908,0.0042468,1,0.9062624,K2,0.32839115061630864,1.3887320694709504,0.09373759999999998
OchCTum012,OchCTum012.merged.rmdup.merged.realn.bam,Contemporary,Tum,0.9456330000000001,0.0511123,0.0032548,1.0000001,0.9456330000000001,K2,0.22349803659762563,1.2504431851509359,0.05436699999999994
OchCTum013,OchCTum013.merged.rmdup.merged.realn.bam,Contemporary,Tum,0.9981554,9.97e-5,0.0017449,1,0.9981554,K2,0.013843429322301646,1.0139396932848708,0.001844599999999974
OchCTum014,OchCTum014.merged.rmdup.merged.realn.bam,Contemporary,Tum,0.9243317000000001,0.072432,0.0032361,0.9999998000000001,0.9243317000000001,K2,0.2814259509607832,1.3250178763880316,0.07566829999999991
OchCTum015,OchCTum015.merged.rmdup.merged.realn.bam,Contemporary,Tum,0.8784018,0.1163491,0.005249,0.9999999,0.8784018,K2,0.3917271241171807,1.4795339271867647,0.12159819999999999
OchCTum016,OchCTum016.merged.rmdup.merged.realn.bam,Contemporary,Tum,0.9229854,0.0744436,0.0025709,0.9999998999999999,0.9229854,K2,0.2826844730740958,1.326686490459614,0.07701460000000004
OchCTum017,OchCTum017.merged.rmdup.merged.realn.bam,Contemporary,Tum,0.9991321,9.93e-5,7.687e-4,1.0000001,0.9991321,K2,0.007295009088113512,1.007321682488361,8.679000000000325e-4
OchCTum018,OchCTum018.merged.rmdup.merged.realn.bam,Contemporary,Tum,0.9536198,0.0449679,0.0014123,1,0.9536198,K2,0.19403760173741913,1.2141419359441767,0.04638019999999998
OchCTum019,OchCTum019.merged.rmdup.merged.realn.bam,Contemporary,Tum,0.9986657,1e-4,0.0012343,1,0.9986657,K2,0.01052086070682659,1.0105763995631392,0.0013343000000000105
OchCTum020,OchCTum020.merged.rmdup.merged.realn.bam,Contemporary,Tum,0.9998032,9.83e-5,9.83e-5,0.9999998,0.9998032,K2,0.0020109044855669933,1.002012927709935,1.9679999999999698e-4
OchCTum021,OchCTum021.merged.rmdup.merged.realn.bam,Contemporary,Tum,0.9998020000000001,9.9e-5,9.9e-5,1,0.9998020000000001,K2,0.0020236177568563377,1.0020256666530971,1.9799999999992046e-4
OchCTum022,OchCTum022.merged.rmdup.merged.realn.bam,Contemporary,Tum,0.891239,0.1063003,0.0024607,1,0.891239,K2,0.35567256489003,1.4271401759505133,0.108761
OchCTum023,OchCTum023.merged.rmdup.merged.realn.bam,Contemporary,Tum,0.9018754,0.0961005,0.0020241,1,0.9018754,K2,0.3308014884562834,1.392083420248844,0.0981246
OchCTum024,OchCTum024.merged.rmdup.merged.realn.bam,Contemporary,Tum,0.9998034,9.83e-5,9.83e-5,1,0.9998034,K2,0.002010704524910857,1.0020127273467927,1.9659999999999123e-4
OchCTum025,OchCTum025.merged.rmdup.merged.realn.bam,Contemporary,Tum,0.9998035000000001,9.82e-5,9.82e-5,0.9999999,0.9998035000000001,K2,0.0020089589454976545,1.0020109782555306,1.9649999999993284e-4
OchCTum026,OchCTum026.merged.rmdup.merged.realn.bam,Contemporary,Tum,0.953356,0.0449199,0.0017241,1,0.953356,K2,0.19589019051094889,1.216393326470672,0.04664400000000002
OchCTum027,OchCTum027.merged.rmdup.merged.realn.bam,Contemporary,Tum,0.9397783000000001,0.0584935,0.0017282,1,0.9397783000000001,K2,0.23541702049106894,1.2654363716117458,0.060221699999999934
OchCTum028,OchCTum028.merged.rmdup.merged.realn.bam,Contemporary,Tum,0.9415515,0.0567251,0.0017234,1,0.9415515,K2,0.23044773743401548,1.2591636584422288,0.058448500000000014
OchCTum029,OchCTum029.merged.rmdup.merged.realn.bam,Contemporary,Tum,0.9648863000000001,0.0337142,0.0013994,0.9999999,0.9648863000000001,K2,0.15797193672500728,1.1711333284098553,0.035113699999999914
OchCTum030,OchCTum030.merged.rmdup.merged.realn.bam,Contemporary,Tum,0.9988039000000001,9.96e-5,0.0010965,1,0.9988039000000001,K2,0.009586473964154733,1.0096325713918655,0.0011960999999999222
OchCTum031,OchCTum031.merged.rmdup.merged.realn.bam,Contemporary,Tum,0.959857,0.0393904,7.526e-4,1,0.959857,K2,0.17213668555344322,1.1878401827110137,0.04014300000000004
OchCTum032,OchCTum032.merged.rmdup.merged.realn.bam,Contemporary,Tum,0.9755189,0.023412,0.0010691,1,0.9755189,K2,0.11939311682773467,1.126812800303969,0.024481100000000033
OchCTum033,OchCTum033.merged.rmdup.merged.realn.bam,Contemporary,Tum,0.8844033,0.1101313,0.0054653,0.9999999,0.8844033,K2,0.3800712202360162,1.4623887373964841,0.1155967
OchCTum034,OchCTum034.merged.rmdup.merged.realn.bam,Contemporary,Tum,0.9004441,0.0962514,0.0033044,0.9999998999999999,0.9004441,K2,0.3386079154060112,1.4029931453595643,0.09955590000000003
OchCTum035,OchCTum035.merged.rmdup.merged.realn.bam,Contemporary,Tum,0.8724439,0.1203172,0.007239,1.0000001,0.8724439,K2,0.4095133273565473,1.5060846365343201,0.12755609999999995
OchCTum036,OchCTum036.merged.rmdup.merged.realn.bam,Contemporary,Tum,0.860077,0.1339381,0.005985,1.0000001,0.860077,K2,0.429542657365773,1.536554630886619,0.13992300000000002
OchCTum037,OchCTum037.merged.rmdup.merged.realn.bam,Contemporary,Tum,0.8758881,0.118368,0.0057439,1,0.8758881,K2,0.39829853649359176,1.4892885705359697,0.12411190000000005
OchCTum038,OchCTum038.merged.rmdup.merged.realn.bam,Contemporary,Tum,0.8719073,0.1260777,0.002015,1,0.8719073,K2,0.3931104775742218,1.4815820618802318,0.12809269999999995
OchCTum039,OchCTum039.merged.rmdup.merged.realn.bam,Contemporary,Tum,0.9995598,9.9e-5,3.412e-4,1,0.9995598,K2,0.004076735620324019,1.0040850568109052,4.402000000000017e-4
OchCTum040,OchCTum040.merged.rmdup.merged.realn.bam,Contemporary,Tum,0.851269,0.1422591,0.0064719,1,0.851269,K2,0.44711781964767927,1.5637985346253245,0.14873099999999995
OchCTum041,OchCTum041.merged.rmdup.merged.realn.bam,Contemporary,Tum,0.9380254,0.0580035,0.0039711,1,0.9380254,K2,0.24711887076282568,1.2803312976909484,0.06197459999999999
OchCTum042,OchCTum042.merged.rmdup.merged.realn.bam,Contemporary,Tum,0.8688797,0.1235553,0.007565,1,0.8688797,K2,0.41743305068094316,1.5180597674285576,0.13112029999999997
OchCTum043,OchCTum043.merged.rmdup.merged.realn.bam,Contemporary,Tum,0.937277,0.0584692,0.0042538,1,0.937277,K2,0.24994792643934846,1.2839585546532146,0.06272299999999997
OchCTum044,OchCTum044.merged.rmdup.merged.realn.bam,Contemporary,Tum,0.8558668,0.1363564,0.0077767,0.9999999,0.8558668,K2,0.44266389816140134,1.5568489865908217,0.14413319999999996
OchCTum045,OchCTum045.merged.rmdup.merged.realn.bam,Contemporary,Tum,0.9756412999999999,0.0217368,0.0026218,0.9999998999999999,0.9756412999999999,K2,0.12286803259867637,1.1307351909162258,0.024358700000000066
OchCTum047,OchCTum047.merged.rmdup.merged.realn.bam,Contemporary,Tum,0.8872985,0.1052742,0.0074273,1,0.8872985,K2,0.37950260461386276,1.4615574366824238,0.11270150000000001
OchCTum048,OchCTum048.merged.rmdup.merged.realn.bam,Contemporary,Tum,0.8969522000000001,0.0959095,0.0071382,0.9999999,0.8969522000000001,K2,0.35767052682884243,1.4299943980675205,0.10304779999999991
OchCTum049,OchCTum049.merged.rmdup.merged.realn.bam,Contemporary,Tum,0.9917904000000001,0.0040573,0.0041524,1.0000001,0.9917904000000001,K2,0.053292370831796325,1.0547379746628565,0.008209599999999928
OchCTum050,OchCTum050.merged.rmdup.merged.realn.bam,Contemporary,Tum,0.7664264,0.1696554,0.0639181,0.9999998999999999,0.7664264,K2,0.6806329825590103,1.9751275579257714,0.23357360000000005
OchCTum051,OchCTum051.merged.rmdup.merged.realn.bam,Contemporary,Tum,0.7594631000000001,0.1886904,0.0518465,1,0.7594631000000001,K2,0.6770685297404943,1.9680998413578414,0.24053689999999994
